station_id,date,name,latitude,longitude,stock
72,2020-03-01 06:00:00,W 52 St & 11 Ave,40.76727216,-73.99392888,25.0
72,2020-03-01 09:00:00,W 52 St & 11 Ave,40.76727216,-73.99392888,27.0
72,2020-03-01 10:00:00,W 52 St & 11 Ave,40.76727216,-73.99392888,24.0
72,2020-03-01 11:00:00,W 52 St & 11 Ave,40.76727216,-73.99392888,26.0
72,2020-03-01 12:00:00,W 52 St & 11 Ave,40.76727216,-73.99392888,26.0
72,2020-03-01 13:00:00,W 52 St & 11 Ave,40.76727216,-73.99392888,28.0
72,2020-03-01 14:00:00,W 52 St & 11 Ave,40.76727216,-73.99392888,29.0
72,2020-03-01 15:00:00,W 52 St & 11 Ave,40.76727216,-73.99392888,29.0
72,2020-03-01 16:00:00,W 52 St & 11 Ave,40.76727216,-73.99392888,29.0
72,2020-03-01 17:00:00,W 52 St & 11 Ave,40.76727216,-73.99392888,26.0
72,2020-03-01 18:00:00,W 52 St & 11 Ave,40.76727216,-73.99392888,28.0
72,2020-03-01 21:00:00,W 52 St & 11 Ave,40.76727216,-73.99392888,31.0
72,2020-03-02 02:00:00,W 52 St & 11 Ave,40.76727216,-73.99392888,25.0
72,2020-03-02 06:00:00,W 52 St & 11 Ave,40.76727216,-73.99392888,25.0
72,2020-03-02 07:00:00,W 52 St & 11 Ave,40.76727216,-73.99392888,28.0
72,2020-03-02 08:00:00,W 52 St & 11 Ave,40.76727216,-73.99392888,30.0
72,2020-03-02 09:00:00,W 52 St & 11 Ave,40.76727216,-73.99392888,35.0
72,2020-03-02 10:00:00,W 52 St & 11 Ave,40.76727216,-73.99392888,38.0
72,2020-03-02 11:00:00,W 52 St & 11 Ave,40.76727216,-73.99392888,34.0
72,2020-03-02 12:00:00,W 52 St & 11 Ave,40.76727216,-73.99392888,33.0
72,2020-03-02 13:00:00,W 52 St & 11 Ave,40.76727216,-73.99392888,32.0
72,2020-03-02 14:00:00,W 52 St & 11 Ave,40.76727216,-73.99392888,36.0
72,2020-03-02 15:00:00,W 52 St & 11 Ave,40.76727216,-73.99392888,40.0
72,2020-03-02 16:00:00,W 52 St & 11 Ave,40.76727216,-73.99392888,37.0
72,2020-03-02 17:00:00,W 52 St & 11 Ave,40.76727216,-73.99392888,46.0
72,2020-03-02 18:00:00,W 52 St & 11 Ave,40.76727216,-73.99392888,42.0
72,2020-03-02 19:00:00,W 52 St & 11 Ave,40.76727216,-73.99392888,38.0
72,2020-03-02 20:00:00,W 52 St & 11 Ave,40.76727216,-73.99392888,33.0
72,2020-03-02 21:00:00,W 52 St & 11 Ave,40.76727216,-73.99392888,39.0
72,2020-03-02 22:00:00,W 52 St & 11 Ave,40.76727216,-73.99392888,39.0
72,2020-03-03 00:00:00,W 52 St & 11 Ave,40.76727216,-73.99392888,25.0
72,2020-03-03 06:00:00,W 52 St & 11 Ave,40.76727216,-73.99392888,24.0
72,2020-03-03 07:00:00,W 52 St & 11 Ave,40.76727216,-73.99392888,24.0
72,2020-03-03 08:00:00,W 52 St & 11 Ave,40.76727216,-73.99392888,21.0
72,2020-03-03 09:00:00,W 52 St & 11 Ave,40.76727216,-73.99392888,33.0
72,2020-03-03 10:00:00,W 52 St & 11 Ave,40.76727216,-73.99392888,41.0
72,2020-03-03 11:00:00,W 52 St & 11 Ave,40.76727216,-73.99392888,41.0
72,2020-03-03 12:00:00,W 52 St & 11 Ave,40.76727216,-73.99392888,39.0
72,2020-03-03 13:00:00,W 52 St & 11 Ave,40.76727216,-73.99392888,43.0
72,2020-03-03 14:00:00,W 52 St & 11 Ave,40.76727216,-73.99392888,42.0
72,2020-03-03 15:00:00,W 52 St & 11 Ave,40.76727216,-73.99392888,35.0
72,2020-03-03 16:00:00,W 52 St & 11 Ave,40.76727216,-73.99392888,35.0
72,2020-03-03 17:00:00,W 52 St & 11 Ave,40.76727216,-73.99392888,35.0
72,2020-03-03 18:00:00,W 52 St & 11 Ave,40.76727216,-73.99392888,28.0
72,2020-03-03 19:00:00,W 52 St & 11 Ave,40.76727216,-73.99392888,30.0
72,2020-03-03 20:00:00,W 52 St & 11 Ave,40.76727216,-73.99392888,29.0
72,2020-03-03 21:00:00,W 52 St & 11 Ave,40.76727216,-73.99392888,24.0
72,2020-03-03 22:00:00,W 52 St & 11 Ave,40.76727216,-73.99392888,22.0
72,2020-03-04 06:00:00,W 52 St & 11 Ave,40.76727216,-73.99392888,25.0
72,2020-03-04 07:00:00,W 52 St & 11 Ave,40.76727216,-73.99392888,22.0
72,2020-03-04 08:00:00,W 52 St & 11 Ave,40.76727216,-73.99392888,20.0
72,2020-03-04 09:00:00,W 52 St & 11 Ave,40.76727216,-73.99392888,32.0
72,2020-03-04 10:00:00,W 52 St & 11 Ave,40.76727216,-73.99392888,33.0
72,2020-03-04 11:00:00,W 52 St & 11 Ave,40.76727216,-73.99392888,26.0
72,2020-03-04 12:00:00,W 52 St & 11 Ave,40.76727216,-73.99392888,12.0
72,2020-03-04 13:00:00,W 52 St & 11 Ave,40.76727216,-73.99392888,14.0
72,2020-03-04 14:00:00,W 52 St & 11 Ave,40.76727216,-73.99392888,11.0
72,2020-03-04 15:00:00,W 52 St & 11 Ave,40.76727216,-73.99392888,7.0
72,2020-03-04 16:00:00,W 52 St & 11 Ave,40.76727216,-73.99392888,2.0
72,2020-03-04 17:00:00,W 52 St & 11 Ave,40.76727216,-73.99392888,-4.0
72,2020-03-04 18:00:00,W 52 St & 11 Ave,40.76727216,-73.99392888,-5.0
72,2020-03-04 19:00:00,W 52 St & 11 Ave,40.76727216,-73.99392888,-4.0
72,2020-03-04 20:00:00,W 52 St & 11 Ave,40.76727216,-73.99392888,-1.0
72,2020-03-04 21:00:00,W 52 St & 11 Ave,40.76727216,-73.99392888,6.0
72,2020-03-04 22:00:00,W 52 St & 11 Ave,40.76727216,-73.99392888,7.0
72,2020-03-05 00:00:00,W 52 St & 11 Ave,40.76727216,-73.99392888,25.0
72,2020-03-05 01:00:00,W 52 St & 11 Ave,40.76727216,-73.99392888,24.0
72,2020-03-05 07:00:00,W 52 St & 11 Ave,40.76727216,-73.99392888,23.0
72,2020-03-05 08:00:00,W 52 St & 11 Ave,40.76727216,-73.99392888,26.0
72,2020-03-05 09:00:00,W 52 St & 11 Ave,40.76727216,-73.99392888,34.0
72,2020-03-05 10:00:00,W 52 St & 11 Ave,40.76727216,-73.99392888,34.0
72,2020-03-05 11:00:00,W 52 St & 11 Ave,40.76727216,-73.99392888,32.0
72,2020-03-05 12:00:00,W 52 St & 11 Ave,40.76727216,-73.99392888,25.0
72,2020-03-05 13:00:00,W 52 St & 11 Ave,40.76727216,-73.99392888,23.0
72,2020-03-05 14:00:00,W 52 St & 11 Ave,40.76727216,-73.99392888,24.0
72,2020-03-05 15:00:00,W 52 St & 11 Ave,40.76727216,-73.99392888,24.0
72,2020-03-05 16:00:00,W 52 St & 11 Ave,40.76727216,-73.99392888,27.0
72,2020-03-05 17:00:00,W 52 St & 11 Ave,40.76727216,-73.99392888,28.0
72,2020-03-05 18:00:00,W 52 St & 11 Ave,40.76727216,-73.99392888,25.0
72,2020-03-05 19:00:00,W 52 St & 11 Ave,40.76727216,-73.99392888,18.0
72,2020-03-05 20:00:00,W 52 St & 11 Ave,40.76727216,-73.99392888,19.0
72,2020-03-05 21:00:00,W 52 St & 11 Ave,40.76727216,-73.99392888,30.0
72,2020-03-05 23:00:00,W 52 St & 11 Ave,40.76727216,-73.99392888,23.0
72,2020-03-06 06:00:00,W 52 St & 11 Ave,40.76727216,-73.99392888,25.0
72,2020-03-06 07:00:00,W 52 St & 11 Ave,40.76727216,-73.99392888,25.0
72,2020-03-06 08:00:00,W 52 St & 11 Ave,40.76727216,-73.99392888,32.0
72,2020-03-06 09:00:00,W 52 St & 11 Ave,40.76727216,-73.99392888,38.0
72,2020-03-06 10:00:00,W 52 St & 11 Ave,40.76727216,-73.99392888,43.0
72,2020-03-06 11:00:00,W 52 St & 11 Ave,40.76727216,-73.99392888,37.0
72,2020-03-06 12:00:00,W 52 St & 11 Ave,40.76727216,-73.99392888,33.0
72,2020-03-06 13:00:00,W 52 St & 11 Ave,40.76727216,-73.99392888,33.0
72,2020-03-06 14:00:00,W 52 St & 11 Ave,40.76727216,-73.99392888,37.0
72,2020-03-06 15:00:00,W 52 St & 11 Ave,40.76727216,-73.99392888,34.0
72,2020-03-06 16:00:00,W 52 St & 11 Ave,40.76727216,-73.99392888,37.0
72,2020-03-06 17:00:00,W 52 St & 11 Ave,40.76727216,-73.99392888,38.0
72,2020-03-06 18:00:00,W 52 St & 11 Ave,40.76727216,-73.99392888,38.0
72,2020-03-06 19:00:00,W 52 St & 11 Ave,40.76727216,-73.99392888,38.0
72,2020-03-06 20:00:00,W 52 St & 11 Ave,40.76727216,-73.99392888,35.0
72,2020-03-07 04:00:00,W 52 St & 11 Ave,40.76727216,-73.99392888,25.0
72,2020-03-07 08:00:00,W 52 St & 11 Ave,40.76727216,-73.99392888,25.0
72,2020-03-07 09:00:00,W 52 St & 11 Ave,40.76727216,-73.99392888,24.0
72,2020-03-07 10:00:00,W 52 St & 11 Ave,40.76727216,-73.99392888,23.0
72,2020-03-07 11:00:00,W 52 St & 11 Ave,40.76727216,-73.99392888,24.0
72,2020-03-07 12:00:00,W 52 St & 11 Ave,40.76727216,-73.99392888,16.0
72,2020-03-07 13:00:00,W 52 St & 11 Ave,40.76727216,-73.99392888,19.0
72,2020-03-07 14:00:00,W 52 St & 11 Ave,40.76727216,-73.99392888,17.0
72,2020-03-07 15:00:00,W 52 St & 11 Ave,40.76727216,-73.99392888,21.0
72,2020-03-07 16:00:00,W 52 St & 11 Ave,40.76727216,-73.99392888,18.0
72,2020-03-07 17:00:00,W 52 St & 11 Ave,40.76727216,-73.99392888,15.0
72,2020-03-07 18:00:00,W 52 St & 11 Ave,40.76727216,-73.99392888,18.0
72,2020-03-07 20:00:00,W 52 St & 11 Ave,40.76727216,-73.99392888,26.0
72,2020-03-07 21:00:00,W 52 St & 11 Ave,40.76727216,-73.99392888,19.0
72,2020-03-07 23:00:00,W 52 St & 11 Ave,40.76727216,-73.99392888,18.0
72,2020-03-08 01:00:00,W 52 St & 11 Ave,40.76727216,-73.99392888,25.0
72,2020-03-08 08:00:00,W 52 St & 11 Ave,40.76727216,-73.99392888,23.0
72,2020-03-08 09:00:00,W 52 St & 11 Ave,40.76727216,-73.99392888,21.0
72,2020-03-08 10:00:00,W 52 St & 11 Ave,40.76727216,-73.99392888,20.0
72,2020-03-08 11:00:00,W 52 St & 11 Ave,40.76727216,-73.99392888,20.0
72,2020-03-08 12:00:00,W 52 St & 11 Ave,40.76727216,-73.99392888,16.0
72,2020-03-08 13:00:00,W 52 St & 11 Ave,40.76727216,-73.99392888,18.0
72,2020-03-08 14:00:00,W 52 St & 11 Ave,40.76727216,-73.99392888,11.0
72,2020-03-08 15:00:00,W 52 St & 11 Ave,40.76727216,-73.99392888,25.0
72,2020-03-08 16:00:00,W 52 St & 11 Ave,40.76727216,-73.99392888,14.0
72,2020-03-08 17:00:00,W 52 St & 11 Ave,40.76727216,-73.99392888,13.0
72,2020-03-08 18:00:00,W 52 St & 11 Ave,40.76727216,-73.99392888,28.0
72,2020-03-08 19:00:00,W 52 St & 11 Ave,40.76727216,-73.99392888,26.0
72,2020-03-08 20:00:00,W 52 St & 11 Ave,40.76727216,-73.99392888,24.0
72,2020-03-08 21:00:00,W 52 St & 11 Ave,40.76727216,-73.99392888,26.0
72,2020-03-08 23:00:00,W 52 St & 11 Ave,40.76727216,-73.99392888,26.0
72,2020-03-09 00:00:00,W 52 St & 11 Ave,40.76727216,-73.99392888,25.0
72,2020-03-09 06:00:00,W 52 St & 11 Ave,40.76727216,-73.99392888,26.0
72,2020-03-09 07:00:00,W 52 St & 11 Ave,40.76727216,-73.99392888,25.0
72,2020-03-09 08:00:00,W 52 St & 11 Ave,40.76727216,-73.99392888,32.0
72,2020-03-09 09:00:00,W 52 St & 11 Ave,40.76727216,-73.99392888,57.0
72,2020-03-09 10:00:00,W 52 St & 11 Ave,40.76727216,-73.99392888,54.0
72,2020-03-09 11:00:00,W 52 St & 11 Ave,40.76727216,-73.99392888,52.0
72,2020-03-09 12:00:00,W 52 St & 11 Ave,40.76727216,-73.99392888,52.0
72,2020-03-09 13:00:00,W 52 St & 11 Ave,40.76727216,-73.99392888,53.0
72,2020-03-09 14:00:00,W 52 St & 11 Ave,40.76727216,-73.99392888,54.0
72,2020-03-09 15:00:00,W 52 St & 11 Ave,40.76727216,-73.99392888,57.0
72,2020-03-09 16:00:00,W 52 St & 11 Ave,40.76727216,-73.99392888,48.0
72,2020-03-09 17:00:00,W 52 St & 11 Ave,40.76727216,-73.99392888,50.0
72,2020-03-09 18:00:00,W 52 St & 11 Ave,40.76727216,-73.99392888,47.0
72,2020-03-09 19:00:00,W 52 St & 11 Ave,40.76727216,-73.99392888,52.0
72,2020-03-09 20:00:00,W 52 St & 11 Ave,40.76727216,-73.99392888,47.0
72,2020-03-09 21:00:00,W 52 St & 11 Ave,40.76727216,-73.99392888,41.0
72,2020-03-10 01:00:00,W 52 St & 11 Ave,40.76727216,-73.99392888,25.0
72,2020-03-10 06:00:00,W 52 St & 11 Ave,40.76727216,-73.99392888,24.0
72,2020-03-10 07:00:00,W 52 St & 11 Ave,40.76727216,-73.99392888,27.0
72,2020-03-10 08:00:00,W 52 St & 11 Ave,40.76727216,-73.99392888,33.0
72,2020-03-10 09:00:00,W 52 St & 11 Ave,40.76727216,-73.99392888,48.0
72,2020-03-10 10:00:00,W 52 St & 11 Ave,40.76727216,-73.99392888,47.0
72,2020-03-10 11:00:00,W 52 St & 11 Ave,40.76727216,-73.99392888,44.0
72,2020-03-10 12:00:00,W 52 St & 11 Ave,40.76727216,-73.99392888,46.0
72,2020-03-10 13:00:00,W 52 St & 11 Ave,40.76727216,-73.99392888,46.0
72,2020-03-10 14:00:00,W 52 St & 11 Ave,40.76727216,-73.99392888,50.0
72,2020-03-10 15:00:00,W 52 St & 11 Ave,40.76727216,-73.99392888,51.0
72,2020-03-10 16:00:00,W 52 St & 11 Ave,40.76727216,-73.99392888,52.0
72,2020-03-10 17:00:00,W 52 St & 11 Ave,40.76727216,-73.99392888,57.0
72,2020-03-10 18:00:00,W 52 St & 11 Ave,40.76727216,-73.99392888,55.0
72,2020-03-10 19:00:00,W 52 St & 11 Ave,40.76727216,-73.99392888,46.0
72,2020-03-10 20:00:00,W 52 St & 11 Ave,40.76727216,-73.99392888,54.0
72,2020-03-10 21:00:00,W 52 St & 11 Ave,40.76727216,-73.99392888,57.0
72,2020-03-10 22:00:00,W 52 St & 11 Ave,40.76727216,-73.99392888,61.0
72,2020-03-10 23:00:00,W 52 St & 11 Ave,40.76727216,-73.99392888,59.0
72,2020-03-11 00:00:00,W 52 St & 11 Ave,40.76727216,-73.99392888,25.0
72,2020-03-11 06:00:00,W 52 St & 11 Ave,40.76727216,-73.99392888,25.0
72,2020-03-11 07:00:00,W 52 St & 11 Ave,40.76727216,-73.99392888,28.0
72,2020-03-11 08:00:00,W 52 St & 11 Ave,40.76727216,-73.99392888,26.0
72,2020-03-11 09:00:00,W 52 St & 11 Ave,40.76727216,-73.99392888,34.0
72,2020-03-11 10:00:00,W 52 St & 11 Ave,40.76727216,-73.99392888,34.0
72,2020-03-11 11:00:00,W 52 St & 11 Ave,40.76727216,-73.99392888,33.0
72,2020-03-11 12:00:00,W 52 St & 11 Ave,40.76727216,-73.99392888,32.0
72,2020-03-11 13:00:00,W 52 St & 11 Ave,40.76727216,-73.99392888,32.0
72,2020-03-11 14:00:00,W 52 St & 11 Ave,40.76727216,-73.99392888,34.0
72,2020-03-11 15:00:00,W 52 St & 11 Ave,40.76727216,-73.99392888,35.0
72,2020-03-11 16:00:00,W 52 St & 11 Ave,40.76727216,-73.99392888,27.0
72,2020-03-11 17:00:00,W 52 St & 11 Ave,40.76727216,-73.99392888,28.0
72,2020-03-11 18:00:00,W 52 St & 11 Ave,40.76727216,-73.99392888,25.0
72,2020-03-11 19:00:00,W 52 St & 11 Ave,40.76727216,-73.99392888,22.0
72,2020-03-11 20:00:00,W 52 St & 11 Ave,40.76727216,-73.99392888,24.0
72,2020-03-11 21:00:00,W 52 St & 11 Ave,40.76727216,-73.99392888,17.0
72,2020-03-11 22:00:00,W 52 St & 11 Ave,40.76727216,-73.99392888,16.0
72,2020-03-12 00:00:00,W 52 St & 11 Ave,40.76727216,-73.99392888,25.0
72,2020-03-12 01:00:00,W 52 St & 11 Ave,40.76727216,-73.99392888,25.0
72,2020-03-12 06:00:00,W 52 St & 11 Ave,40.76727216,-73.99392888,24.0
72,2020-03-12 07:00:00,W 52 St & 11 Ave,40.76727216,-73.99392888,24.0
72,2020-03-12 08:00:00,W 52 St & 11 Ave,40.76727216,-73.99392888,24.0
72,2020-03-12 09:00:00,W 52 St & 11 Ave,40.76727216,-73.99392888,30.0
72,2020-03-12 10:00:00,W 52 St & 11 Ave,40.76727216,-73.99392888,33.0
72,2020-03-12 11:00:00,W 52 St & 11 Ave,40.76727216,-73.99392888,41.0
72,2020-03-12 12:00:00,W 52 St & 11 Ave,40.76727216,-73.99392888,41.0
72,2020-03-12 13:00:00,W 52 St & 11 Ave,40.76727216,-73.99392888,41.0
72,2020-03-12 14:00:00,W 52 St & 11 Ave,40.76727216,-73.99392888,43.0
72,2020-03-12 15:00:00,W 52 St & 11 Ave,40.76727216,-73.99392888,42.0
72,2020-03-12 16:00:00,W 52 St & 11 Ave,40.76727216,-73.99392888,40.0
72,2020-03-12 17:00:00,W 52 St & 11 Ave,40.76727216,-73.99392888,41.0
72,2020-03-12 18:00:00,W 52 St & 11 Ave,40.76727216,-73.99392888,43.0
72,2020-03-12 19:00:00,W 52 St & 11 Ave,40.76727216,-73.99392888,44.0
72,2020-03-12 20:00:00,W 52 St & 11 Ave,40.76727216,-73.99392888,40.0
72,2020-03-12 21:00:00,W 52 St & 11 Ave,40.76727216,-73.99392888,38.0
72,2020-03-12 22:00:00,W 52 St & 11 Ave,40.76727216,-73.99392888,40.0
72,2020-03-12 23:00:00,W 52 St & 11 Ave,40.76727216,-73.99392888,39.0
72,2020-03-13 00:00:00,W 52 St & 11 Ave,40.76727216,-73.99392888,25.0
72,2020-03-13 06:00:00,W 52 St & 11 Ave,40.76727216,-73.99392888,25.0
72,2020-03-13 07:00:00,W 52 St & 11 Ave,40.76727216,-73.99392888,24.0
72,2020-03-13 08:00:00,W 52 St & 11 Ave,40.76727216,-73.99392888,23.0
72,2020-03-13 09:00:00,W 52 St & 11 Ave,40.76727216,-73.99392888,25.0
72,2020-03-13 10:00:00,W 52 St & 11 Ave,40.76727216,-73.99392888,24.0
72,2020-03-13 11:00:00,W 52 St & 11 Ave,40.76727216,-73.99392888,24.0
72,2020-03-13 12:00:00,W 52 St & 11 Ave,40.76727216,-73.99392888,23.0
72,2020-03-13 13:00:00,W 52 St & 11 Ave,40.76727216,-73.99392888,27.0
72,2020-03-13 14:00:00,W 52 St & 11 Ave,40.76727216,-73.99392888,28.0
72,2020-03-13 15:00:00,W 52 St & 11 Ave,40.76727216,-73.99392888,31.0
72,2020-03-13 16:00:00,W 52 St & 11 Ave,40.76727216,-73.99392888,34.0
72,2020-03-13 17:00:00,W 52 St & 11 Ave,40.76727216,-73.99392888,35.0
72,2020-03-13 18:00:00,W 52 St & 11 Ave,40.76727216,-73.99392888,36.0
72,2020-03-13 19:00:00,W 52 St & 11 Ave,40.76727216,-73.99392888,27.0
72,2020-03-13 20:00:00,W 52 St & 11 Ave,40.76727216,-73.99392888,34.0
72,2020-03-13 21:00:00,W 52 St & 11 Ave,40.76727216,-73.99392888,32.0
72,2020-03-13 22:00:00,W 52 St & 11 Ave,40.76727216,-73.99392888,28.0
72,2020-03-14 07:00:00,W 52 St & 11 Ave,40.76727216,-73.99392888,25.0
72,2020-03-14 08:00:00,W 52 St & 11 Ave,40.76727216,-73.99392888,29.0
72,2020-03-14 10:00:00,W 52 St & 11 Ave,40.76727216,-73.99392888,29.0
72,2020-03-14 11:00:00,W 52 St & 11 Ave,40.76727216,-73.99392888,26.0
72,2020-03-14 12:00:00,W 52 St & 11 Ave,40.76727216,-73.99392888,24.0
72,2020-03-14 13:00:00,W 52 St & 11 Ave,40.76727216,-73.99392888,24.0
72,2020-03-14 14:00:00,W 52 St & 11 Ave,40.76727216,-73.99392888,27.0
72,2020-03-14 15:00:00,W 52 St & 11 Ave,40.76727216,-73.99392888,23.0
72,2020-03-14 16:00:00,W 52 St & 11 Ave,40.76727216,-73.99392888,22.0
72,2020-03-14 17:00:00,W 52 St & 11 Ave,40.76727216,-73.99392888,25.0
72,2020-03-14 18:00:00,W 52 St & 11 Ave,40.76727216,-73.99392888,27.0
72,2020-03-14 19:00:00,W 52 St & 11 Ave,40.76727216,-73.99392888,17.0
72,2020-03-15 07:00:00,W 52 St & 11 Ave,40.76727216,-73.99392888,25.0
72,2020-03-15 10:00:00,W 52 St & 11 Ave,40.76727216,-73.99392888,27.0
72,2020-03-15 12:00:00,W 52 St & 11 Ave,40.76727216,-73.99392888,25.0
72,2020-03-15 13:00:00,W 52 St & 11 Ave,40.76727216,-73.99392888,27.0
72,2020-03-15 14:00:00,W 52 St & 11 Ave,40.76727216,-73.99392888,25.0
72,2020-03-15 15:00:00,W 52 St & 11 Ave,40.76727216,-73.99392888,22.0
72,2020-03-15 16:00:00,W 52 St & 11 Ave,40.76727216,-73.99392888,31.0
72,2020-03-15 17:00:00,W 52 St & 11 Ave,40.76727216,-73.99392888,23.0
72,2020-03-15 18:00:00,W 52 St & 11 Ave,40.76727216,-73.99392888,23.0
72,2020-03-15 19:00:00,W 52 St & 11 Ave,40.76727216,-73.99392888,21.0
72,2020-03-16 05:00:00,W 52 St & 11 Ave,40.76727216,-73.99392888,25.0
72,2020-03-16 06:00:00,W 52 St & 11 Ave,40.76727216,-73.99392888,27.0
72,2020-03-16 07:00:00,W 52 St & 11 Ave,40.76727216,-73.99392888,26.0
72,2020-03-16 08:00:00,W 52 St & 11 Ave,40.76727216,-73.99392888,29.0
72,2020-03-16 09:00:00,W 52 St & 11 Ave,40.76727216,-73.99392888,26.0
72,2020-03-16 10:00:00,W 52 St & 11 Ave,40.76727216,-73.99392888,23.0
72,2020-03-16 11:00:00,W 52 St & 11 Ave,40.76727216,-73.99392888,20.0
72,2020-03-16 12:00:00,W 52 St & 11 Ave,40.76727216,-73.99392888,20.0
72,2020-03-16 13:00:00,W 52 St & 11 Ave,40.76727216,-73.99392888,22.0
72,2020-03-16 14:00:00,W 52 St & 11 Ave,40.76727216,-73.99392888,22.0
72,2020-03-16 15:00:00,W 52 St & 11 Ave,40.76727216,-73.99392888,29.0
72,2020-03-16 16:00:00,W 52 St & 11 Ave,40.76727216,-73.99392888,27.0
72,2020-03-16 17:00:00,W 52 St & 11 Ave,40.76727216,-73.99392888,24.0
72,2020-03-16 18:00:00,W 52 St & 11 Ave,40.76727216,-73.99392888,26.0
72,2020-03-16 19:00:00,W 52 St & 11 Ave,40.76727216,-73.99392888,25.0
72,2020-03-16 20:00:00,W 52 St & 11 Ave,40.76727216,-73.99392888,26.0
72,2020-03-16 23:00:00,W 52 St & 11 Ave,40.76727216,-73.99392888,24.0
72,2020-03-17 06:00:00,W 52 St & 11 Ave,40.76727216,-73.99392888,25.0
72,2020-03-17 07:00:00,W 52 St & 11 Ave,40.76727216,-73.99392888,25.0
72,2020-03-17 08:00:00,W 52 St & 11 Ave,40.76727216,-73.99392888,24.0
72,2020-03-17 09:00:00,W 52 St & 11 Ave,40.76727216,-73.99392888,21.0
72,2020-03-17 10:00:00,W 52 St & 11 Ave,40.76727216,-73.99392888,20.0
72,2020-03-17 12:00:00,W 52 St & 11 Ave,40.76727216,-73.99392888,20.0
72,2020-03-17 13:00:00,W 52 St & 11 Ave,40.76727216,-73.99392888,20.0
72,2020-03-17 14:00:00,W 52 St & 11 Ave,40.76727216,-73.99392888,24.0
72,2020-03-17 15:00:00,W 52 St & 11 Ave,40.76727216,-73.99392888,21.0
72,2020-03-17 16:00:00,W 52 St & 11 Ave,40.76727216,-73.99392888,25.0
72,2020-03-17 17:00:00,W 52 St & 11 Ave,40.76727216,-73.99392888,24.0
72,2020-03-17 18:00:00,W 52 St & 11 Ave,40.76727216,-73.99392888,15.0
72,2020-03-17 19:00:00,W 52 St & 11 Ave,40.76727216,-73.99392888,19.0
72,2020-03-17 20:00:00,W 52 St & 11 Ave,40.76727216,-73.99392888,17.0
72,2020-03-17 22:00:00,W 52 St & 11 Ave,40.76727216,-73.99392888,16.0
72,2020-03-18 06:00:00,W 52 St & 11 Ave,40.76727216,-73.99392888,25.0
72,2020-03-18 07:00:00,W 52 St & 11 Ave,40.76727216,-73.99392888,25.0
72,2020-03-18 08:00:00,W 52 St & 11 Ave,40.76727216,-73.99392888,25.0
72,2020-03-18 09:00:00,W 52 St & 11 Ave,40.76727216,-73.99392888,22.0
72,2020-03-18 10:00:00,W 52 St & 11 Ave,40.76727216,-73.99392888,16.0
72,2020-03-18 11:00:00,W 52 St & 11 Ave,40.76727216,-73.99392888,19.0
72,2020-03-18 12:00:00,W 52 St & 11 Ave,40.76727216,-73.99392888,18.0
72,2020-03-18 13:00:00,W 52 St & 11 Ave,40.76727216,-73.99392888,16.0
72,2020-03-18 14:00:00,W 52 St & 11 Ave,40.76727216,-73.99392888,20.0
72,2020-03-18 15:00:00,W 52 St & 11 Ave,40.76727216,-73.99392888,23.0
72,2020-03-18 16:00:00,W 52 St & 11 Ave,40.76727216,-73.99392888,28.0
72,2020-03-18 17:00:00,W 52 St & 11 Ave,40.76727216,-73.99392888,31.0
72,2020-03-18 18:00:00,W 52 St & 11 Ave,40.76727216,-73.99392888,32.0
72,2020-03-18 19:00:00,W 52 St & 11 Ave,40.76727216,-73.99392888,26.0
72,2020-03-18 20:00:00,W 52 St & 11 Ave,40.76727216,-73.99392888,27.0
72,2020-03-19 06:00:00,W 52 St & 11 Ave,40.76727216,-73.99392888,25.0
72,2020-03-19 08:00:00,W 52 St & 11 Ave,40.76727216,-73.99392888,25.0
72,2020-03-19 09:00:00,W 52 St & 11 Ave,40.76727216,-73.99392888,23.0
72,2020-03-19 10:00:00,W 52 St & 11 Ave,40.76727216,-73.99392888,26.0
72,2020-03-19 11:00:00,W 52 St & 11 Ave,40.76727216,-73.99392888,26.0
72,2020-03-19 12:00:00,W 52 St & 11 Ave,40.76727216,-73.99392888,27.0
72,2020-03-19 13:00:00,W 52 St & 11 Ave,40.76727216,-73.99392888,28.0
72,2020-03-19 14:00:00,W 52 St & 11 Ave,40.76727216,-73.99392888,26.0
72,2020-03-19 15:00:00,W 52 St & 11 Ave,40.76727216,-73.99392888,25.0
72,2020-03-19 16:00:00,W 52 St & 11 Ave,40.76727216,-73.99392888,27.0
72,2020-03-19 17:00:00,W 52 St & 11 Ave,40.76727216,-73.99392888,26.0
72,2020-03-19 18:00:00,W 52 St & 11 Ave,40.76727216,-73.99392888,26.0
72,2020-03-19 19:00:00,W 52 St & 11 Ave,40.76727216,-73.99392888,25.0
72,2020-03-19 20:00:00,W 52 St & 11 Ave,40.76727216,-73.99392888,20.0
72,2020-03-19 22:00:00,W 52 St & 11 Ave,40.76727216,-73.99392888,22.0
72,2020-03-20 06:00:00,W 52 St & 11 Ave,40.76727216,-73.99392888,25.0
72,2020-03-20 07:00:00,W 52 St & 11 Ave,40.76727216,-73.99392888,24.0
72,2020-03-20 08:00:00,W 52 St & 11 Ave,40.76727216,-73.99392888,22.0
72,2020-03-20 09:00:00,W 52 St & 11 Ave,40.76727216,-73.99392888,22.0
72,2020-03-20 10:00:00,W 52 St & 11 Ave,40.76727216,-73.99392888,26.0
72,2020-03-20 11:00:00,W 52 St & 11 Ave,40.76727216,-73.99392888,26.0
72,2020-03-20 12:00:00,W 52 St & 11 Ave,40.76727216,-73.99392888,26.0
72,2020-03-20 13:00:00,W 52 St & 11 Ave,40.76727216,-73.99392888,28.0
72,2020-03-20 14:00:00,W 52 St & 11 Ave,40.76727216,-73.99392888,34.0
72,2020-03-20 15:00:00,W 52 St & 11 Ave,40.76727216,-73.99392888,35.0
72,2020-03-20 16:00:00,W 52 St & 11 Ave,40.76727216,-73.99392888,29.0
72,2020-03-20 17:00:00,W 52 St & 11 Ave,40.76727216,-73.99392888,29.0
72,2020-03-20 18:00:00,W 52 St & 11 Ave,40.76727216,-73.99392888,29.0
72,2020-03-20 19:00:00,W 52 St & 11 Ave,40.76727216,-73.99392888,25.0
72,2020-03-20 20:00:00,W 52 St & 11 Ave,40.76727216,-73.99392888,21.0
72,2020-03-20 23:00:00,W 52 St & 11 Ave,40.76727216,-73.99392888,21.0
72,2020-03-21 09:00:00,W 52 St & 11 Ave,40.76727216,-73.99392888,25.0
72,2020-03-21 10:00:00,W 52 St & 11 Ave,40.76727216,-73.99392888,25.0
72,2020-03-21 11:00:00,W 52 St & 11 Ave,40.76727216,-73.99392888,25.0
72,2020-03-21 12:00:00,W 52 St & 11 Ave,40.76727216,-73.99392888,30.0
72,2020-03-21 13:00:00,W 52 St & 11 Ave,40.76727216,-73.99392888,30.0
72,2020-03-21 14:00:00,W 52 St & 11 Ave,40.76727216,-73.99392888,26.0
72,2020-03-21 15:00:00,W 52 St & 11 Ave,40.76727216,-73.99392888,32.0
72,2020-03-21 16:00:00,W 52 St & 11 Ave,40.76727216,-73.99392888,36.0
72,2020-03-21 17:00:00,W 52 St & 11 Ave,40.76727216,-73.99392888,34.0
72,2020-03-21 18:00:00,W 52 St & 11 Ave,40.76727216,-73.99392888,40.0
72,2020-03-21 19:00:00,W 52 St & 11 Ave,40.76727216,-73.99392888,43.0
72,2020-03-21 21:00:00,W 52 St & 11 Ave,40.76727216,-73.99392888,41.0
72,2020-03-21 23:00:00,W 52 St & 11 Ave,40.76727216,-73.99392888,40.0
72,2020-03-22 10:00:00,W 52 St & 11 Ave,40.76727216,-73.99392888,25.0
72,2020-03-22 12:00:00,W 52 St & 11 Ave,40.76727216,-73.99392888,25.0
72,2020-03-22 13:00:00,W 52 St & 11 Ave,40.76727216,-73.99392888,23.0
72,2020-03-22 14:00:00,W 52 St & 11 Ave,40.76727216,-73.99392888,28.0
72,2020-03-22 15:00:00,W 52 St & 11 Ave,40.76727216,-73.99392888,27.0
72,2020-03-22 16:00:00,W 52 St & 11 Ave,40.76727216,-73.99392888,26.0
72,2020-03-22 17:00:00,W 52 St & 11 Ave,40.76727216,-73.99392888,30.0
72,2020-03-22 19:00:00,W 52 St & 11 Ave,40.76727216,-73.99392888,27.0
72,2020-03-23 00:00:00,W 52 St & 11 Ave,40.76727216,-73.99392888,25.0
72,2020-03-23 01:00:00,W 52 St & 11 Ave,40.76727216,-73.99392888,25.0
72,2020-03-23 06:00:00,W 52 St & 11 Ave,40.76727216,-73.99392888,25.0
72,2020-03-23 08:00:00,W 52 St & 11 Ave,40.76727216,-73.99392888,25.0
72,2020-03-23 09:00:00,W 52 St & 11 Ave,40.76727216,-73.99392888,26.0
72,2020-03-23 10:00:00,W 52 St & 11 Ave,40.76727216,-73.99392888,26.0
72,2020-03-23 14:00:00,W 52 St & 11 Ave,40.76727216,-73.99392888,26.0
72,2020-03-23 20:00:00,W 52 St & 11 Ave,40.76727216,-73.99392888,26.0
72,2020-03-23 21:00:00,W 52 St & 11 Ave,40.76727216,-73.99392888,26.0
72,2020-03-24 04:00:00,W 52 St & 11 Ave,40.76727216,-73.99392888,25.0
72,2020-03-24 06:00:00,W 52 St & 11 Ave,40.76727216,-73.99392888,25.0
72,2020-03-24 07:00:00,W 52 St & 11 Ave,40.76727216,-73.99392888,24.0
72,2020-03-24 08:00:00,W 52 St & 11 Ave,40.76727216,-73.99392888,23.0
72,2020-03-24 09:00:00,W 52 St & 11 Ave,40.76727216,-73.99392888,20.0
72,2020-03-24 11:00:00,W 52 St & 11 Ave,40.76727216,-73.99392888,19.0
72,2020-03-24 12:00:00,W 52 St & 11 Ave,40.76727216,-73.99392888,19.0
72,2020-03-24 13:00:00,W 52 St & 11 Ave,40.76727216,-73.99392888,20.0
72,2020-03-24 14:00:00,W 52 St & 11 Ave,40.76727216,-73.99392888,23.0
72,2020-03-24 15:00:00,W 52 St & 11 Ave,40.76727216,-73.99392888,23.0
72,2020-03-24 16:00:00,W 52 St & 11 Ave,40.76727216,-73.99392888,22.0
72,2020-03-24 17:00:00,W 52 St & 11 Ave,40.76727216,-73.99392888,22.0
72,2020-03-24 18:00:00,W 52 St & 11 Ave,40.76727216,-73.99392888,19.0
72,2020-03-24 19:00:00,W 52 St & 11 Ave,40.76727216,-73.99392888,20.0
72,2020-03-24 21:00:00,W 52 St & 11 Ave,40.76727216,-73.99392888,15.0
72,2020-03-24 22:00:00,W 52 St & 11 Ave,40.76727216,-73.99392888,15.0
72,2020-03-25 07:00:00,W 52 St & 11 Ave,40.76727216,-73.99392888,25.0
72,2020-03-25 08:00:00,W 52 St & 11 Ave,40.76727216,-73.99392888,25.0
72,2020-03-25 11:00:00,W 52 St & 11 Ave,40.76727216,-73.99392888,24.0
72,2020-03-25 12:00:00,W 52 St & 11 Ave,40.76727216,-73.99392888,25.0
72,2020-03-25 13:00:00,W 52 St & 11 Ave,40.76727216,-73.99392888,24.0
72,2020-03-25 15:00:00,W 52 St & 11 Ave,40.76727216,-73.99392888,26.0
72,2020-03-25 16:00:00,W 52 St & 11 Ave,40.76727216,-73.99392888,27.0
72,2020-03-25 17:00:00,W 52 St & 11 Ave,40.76727216,-73.99392888,25.0
72,2020-03-25 18:00:00,W 52 St & 11 Ave,40.76727216,-73.99392888,22.0
72,2020-03-25 20:00:00,W 52 St & 11 Ave,40.76727216,-73.99392888,26.0
72,2020-03-25 22:00:00,W 52 St & 11 Ave,40.76727216,-73.99392888,26.0
72,2020-03-26 07:00:00,W 52 St & 11 Ave,40.76727216,-73.99392888,25.0
72,2020-03-26 08:00:00,W 52 St & 11 Ave,40.76727216,-73.99392888,23.0
72,2020-03-26 09:00:00,W 52 St & 11 Ave,40.76727216,-73.99392888,21.0
72,2020-03-26 10:00:00,W 52 St & 11 Ave,40.76727216,-73.99392888,22.0
72,2020-03-26 11:00:00,W 52 St & 11 Ave,40.76727216,-73.99392888,21.0
72,2020-03-26 12:00:00,W 52 St & 11 Ave,40.76727216,-73.99392888,22.0
72,2020-03-26 13:00:00,W 52 St & 11 Ave,40.76727216,-73.99392888,23.0
72,2020-03-26 14:00:00,W 52 St & 11 Ave,40.76727216,-73.99392888,21.0
72,2020-03-26 15:00:00,W 52 St & 11 Ave,40.76727216,-73.99392888,21.0
72,2020-03-26 16:00:00,W 52 St & 11 Ave,40.76727216,-73.99392888,26.0
72,2020-03-26 17:00:00,W 52 St & 11 Ave,40.76727216,-73.99392888,28.0
72,2020-03-26 18:00:00,W 52 St & 11 Ave,40.76727216,-73.99392888,29.0
72,2020-03-26 19:00:00,W 52 St & 11 Ave,40.76727216,-73.99392888,24.0
72,2020-03-26 22:00:00,W 52 St & 11 Ave,40.76727216,-73.99392888,21.0
72,2020-03-27 01:00:00,W 52 St & 11 Ave,40.76727216,-73.99392888,25.0
72,2020-03-27 07:00:00,W 52 St & 11 Ave,40.76727216,-73.99392888,25.0
72,2020-03-27 08:00:00,W 52 St & 11 Ave,40.76727216,-73.99392888,23.0
72,2020-03-27 09:00:00,W 52 St & 11 Ave,40.76727216,-73.99392888,23.0
72,2020-03-27 11:00:00,W 52 St & 11 Ave,40.76727216,-73.99392888,22.0
72,2020-03-27 12:00:00,W 52 St & 11 Ave,40.76727216,-73.99392888,22.0
72,2020-03-27 13:00:00,W 52 St & 11 Ave,40.76727216,-73.99392888,24.0
72,2020-03-27 14:00:00,W 52 St & 11 Ave,40.76727216,-73.99392888,28.0
72,2020-03-27 15:00:00,W 52 St & 11 Ave,40.76727216,-73.99392888,24.0
72,2020-03-27 16:00:00,W 52 St & 11 Ave,40.76727216,-73.99392888,17.0
72,2020-03-27 17:00:00,W 52 St & 11 Ave,40.76727216,-73.99392888,20.0
72,2020-03-27 18:00:00,W 52 St & 11 Ave,40.76727216,-73.99392888,16.0
72,2020-03-27 19:00:00,W 52 St & 11 Ave,40.76727216,-73.99392888,15.0
72,2020-03-27 22:00:00,W 52 St & 11 Ave,40.76727216,-73.99392888,14.0
72,2020-03-28 08:00:00,W 52 St & 11 Ave,40.76727216,-73.99392888,25.0
72,2020-03-28 10:00:00,W 52 St & 11 Ave,40.76727216,-73.99392888,25.0
72,2020-03-28 13:00:00,W 52 St & 11 Ave,40.76727216,-73.99392888,25.0
72,2020-03-28 14:00:00,W 52 St & 11 Ave,40.76727216,-73.99392888,25.0
72,2020-03-28 15:00:00,W 52 St & 11 Ave,40.76727216,-73.99392888,25.0
72,2020-03-28 17:00:00,W 52 St & 11 Ave,40.76727216,-73.99392888,24.0
72,2020-03-28 21:00:00,W 52 St & 11 Ave,40.76727216,-73.99392888,23.0
72,2020-03-29 09:00:00,W 52 St & 11 Ave,40.76727216,-73.99392888,25.0
72,2020-03-29 14:00:00,W 52 St & 11 Ave,40.76727216,-73.99392888,25.0
72,2020-03-29 15:00:00,W 52 St & 11 Ave,40.76727216,-73.99392888,25.0
72,2020-03-29 16:00:00,W 52 St & 11 Ave,40.76727216,-73.99392888,23.0
72,2020-03-29 17:00:00,W 52 St & 11 Ave,40.76727216,-73.99392888,19.0
72,2020-03-29 19:00:00,W 52 St & 11 Ave,40.76727216,-73.99392888,21.0
72,2020-03-30 09:00:00,W 52 St & 11 Ave,40.76727216,-73.99392888,25.0
72,2020-03-30 10:00:00,W 52 St & 11 Ave,40.76727216,-73.99392888,22.0
72,2020-03-30 11:00:00,W 52 St & 11 Ave,40.76727216,-73.99392888,19.0
72,2020-03-30 12:00:00,W 52 St & 11 Ave,40.76727216,-73.99392888,22.0
72,2020-03-30 13:00:00,W 52 St & 11 Ave,40.76727216,-73.99392888,20.0
72,2020-03-30 14:00:00,W 52 St & 11 Ave,40.76727216,-73.99392888,17.0
72,2020-03-30 15:00:00,W 52 St & 11 Ave,40.76727216,-73.99392888,17.0
72,2020-03-30 16:00:00,W 52 St & 11 Ave,40.76727216,-73.99392888,19.0
72,2020-03-30 17:00:00,W 52 St & 11 Ave,40.76727216,-73.99392888,14.0
72,2020-03-30 18:00:00,W 52 St & 11 Ave,40.76727216,-73.99392888,12.0
72,2020-03-30 19:00:00,W 52 St & 11 Ave,40.76727216,-73.99392888,16.0
72,2020-03-30 20:00:00,W 52 St & 11 Ave,40.76727216,-73.99392888,12.0
72,2020-03-30 22:00:00,W 52 St & 11 Ave,40.76727216,-73.99392888,11.0
72,2020-03-31 07:00:00,W 52 St & 11 Ave,40.76727216,-73.99392888,25.0
72,2020-03-31 09:00:00,W 52 St & 11 Ave,40.76727216,-73.99392888,23.0
72,2020-03-31 11:00:00,W 52 St & 11 Ave,40.76727216,-73.99392888,23.0
72,2020-03-31 12:00:00,W 52 St & 11 Ave,40.76727216,-73.99392888,23.0
72,2020-03-31 13:00:00,W 52 St & 11 Ave,40.76727216,-73.99392888,22.0
72,2020-03-31 14:00:00,W 52 St & 11 Ave,40.76727216,-73.99392888,22.0
72,2020-03-31 15:00:00,W 52 St & 11 Ave,40.76727216,-73.99392888,20.0
72,2020-03-31 16:00:00,W 52 St & 11 Ave,40.76727216,-73.99392888,24.0
72,2020-03-31 17:00:00,W 52 St & 11 Ave,40.76727216,-73.99392888,22.0
72,2020-03-31 18:00:00,W 52 St & 11 Ave,40.76727216,-73.99392888,23.0
72,2020-03-31 19:00:00,W 52 St & 11 Ave,40.76727216,-73.99392888,24.0
72,2020-03-31 21:00:00,W 52 St & 11 Ave,40.76727216,-73.99392888,24.0
72,2020-04-01 07:00:00,W 52 St & 11 Ave,40.76727216,-73.99392888,25.0
72,2020-04-01 09:00:00,W 52 St & 11 Ave,40.76727216,-73.99392888,26.0
72,2020-04-01 11:00:00,W 52 St & 11 Ave,40.76727216,-73.99392888,22.0
72,2020-04-01 12:00:00,W 52 St & 11 Ave,40.76727216,-73.99392888,22.0
72,2020-04-01 13:00:00,W 52 St & 11 Ave,40.76727216,-73.99392888,25.0
72,2020-04-01 14:00:00,W 52 St & 11 Ave,40.76727216,-73.99392888,23.0
72,2020-04-01 15:00:00,W 52 St & 11 Ave,40.76727216,-73.99392888,26.0
72,2020-04-01 16:00:00,W 52 St & 11 Ave,40.76727216,-73.99392888,25.0
72,2020-04-01 17:00:00,W 52 St & 11 Ave,40.76727216,-73.99392888,20.0
72,2020-04-01 18:00:00,W 52 St & 11 Ave,40.76727216,-73.99392888,22.0
72,2020-04-01 19:00:00,W 52 St & 11 Ave,40.76727216,-73.99392888,20.0
72,2020-04-02 07:00:00,W 52 St & 11 Ave,40.76727216,-73.99392888,25.0
72,2020-04-02 08:00:00,W 52 St & 11 Ave,40.76727216,-73.99392888,27.0
72,2020-04-02 09:00:00,W 52 St & 11 Ave,40.76727216,-73.99392888,27.0
72,2020-04-02 10:00:00,W 52 St & 11 Ave,40.76727216,-73.99392888,25.0
72,2020-04-02 11:00:00,W 52 St & 11 Ave,40.76727216,-73.99392888,25.0
72,2020-04-02 13:00:00,W 52 St & 11 Ave,40.76727216,-73.99392888,26.0
72,2020-04-02 14:00:00,W 52 St & 11 Ave,40.76727216,-73.99392888,27.0
72,2020-04-02 15:00:00,W 52 St & 11 Ave,40.76727216,-73.99392888,23.0
72,2020-04-02 16:00:00,W 52 St & 11 Ave,40.76727216,-73.99392888,25.0
72,2020-04-02 17:00:00,W 52 St & 11 Ave,40.76727216,-73.99392888,22.0
72,2020-04-02 18:00:00,W 52 St & 11 Ave,40.76727216,-73.99392888,23.0
72,2020-04-02 19:00:00,W 52 St & 11 Ave,40.76727216,-73.99392888,27.0
72,2020-04-02 20:00:00,W 52 St & 11 Ave,40.76727216,-73.99392888,25.0
72,2020-04-02 21:00:00,W 52 St & 11 Ave,40.76727216,-73.99392888,25.0
72,2020-04-03 17:00:00,W 52 St & 11 Ave,40.76727216,-73.99392888,25.0
72,2020-04-03 18:00:00,W 52 St & 11 Ave,40.76727216,-73.99392888,26.0
72,2020-04-03 19:00:00,W 52 St & 11 Ave,40.76727216,-73.99392888,26.0
72,2020-04-03 23:00:00,W 52 St & 11 Ave,40.76727216,-73.99392888,29.0
72,2020-04-04 07:00:00,W 52 St & 11 Ave,40.76727216,-73.99392888,25.0
72,2020-04-04 11:00:00,W 52 St & 11 Ave,40.76727216,-73.99392888,25.0
72,2020-04-04 12:00:00,W 52 St & 11 Ave,40.76727216,-73.99392888,26.0
72,2020-04-04 13:00:00,W 52 St & 11 Ave,40.76727216,-73.99392888,23.0
72,2020-04-04 14:00:00,W 52 St & 11 Ave,40.76727216,-73.99392888,32.0
72,2020-04-04 15:00:00,W 52 St & 11 Ave,40.76727216,-73.99392888,25.0
72,2020-04-04 16:00:00,W 52 St & 11 Ave,40.76727216,-73.99392888,24.0
72,2020-04-04 17:00:00,W 52 St & 11 Ave,40.76727216,-73.99392888,22.0
72,2020-04-04 18:00:00,W 52 St & 11 Ave,40.76727216,-73.99392888,20.0
72,2020-04-04 19:00:00,W 52 St & 11 Ave,40.76727216,-73.99392888,19.0
72,2020-04-04 20:00:00,W 52 St & 11 Ave,40.76727216,-73.99392888,22.0
72,2020-04-04 22:00:00,W 52 St & 11 Ave,40.76727216,-73.99392888,24.0
72,2020-04-04 23:00:00,W 52 St & 11 Ave,40.76727216,-73.99392888,24.0
72,2020-04-05 02:00:00,W 52 St & 11 Ave,40.76727216,-73.99392888,25.0
72,2020-04-05 08:00:00,W 52 St & 11 Ave,40.76727216,-73.99392888,25.0
72,2020-04-05 09:00:00,W 52 St & 11 Ave,40.76727216,-73.99392888,24.0
72,2020-04-05 10:00:00,W 52 St & 11 Ave,40.76727216,-73.99392888,24.0
72,2020-04-05 11:00:00,W 52 St & 11 Ave,40.76727216,-73.99392888,26.0
72,2020-04-05 12:00:00,W 52 St & 11 Ave,40.76727216,-73.99392888,23.0
72,2020-04-05 13:00:00,W 52 St & 11 Ave,40.76727216,-73.99392888,23.0
72,2020-04-05 14:00:00,W 52 St & 11 Ave,40.76727216,-73.99392888,26.0
72,2020-04-05 15:00:00,W 52 St & 11 Ave,40.76727216,-73.99392888,29.0
72,2020-04-05 16:00:00,W 52 St & 11 Ave,40.76727216,-73.99392888,32.0
72,2020-04-05 17:00:00,W 52 St & 11 Ave,40.76727216,-73.99392888,34.0
72,2020-04-05 18:00:00,W 52 St & 11 Ave,40.76727216,-73.99392888,45.0
72,2020-04-05 19:00:00,W 52 St & 11 Ave,40.76727216,-73.99392888,42.0
72,2020-04-05 23:00:00,W 52 St & 11 Ave,40.76727216,-73.99392888,40.0
72,2020-04-06 04:00:00,W 52 St & 11 Ave,40.76727216,-73.99392888,25.0
72,2020-04-06 06:00:00,W 52 St & 11 Ave,40.76727216,-73.99392888,25.0
72,2020-04-06 08:00:00,W 52 St & 11 Ave,40.76727216,-73.99392888,25.0
72,2020-04-06 09:00:00,W 52 St & 11 Ave,40.76727216,-73.99392888,24.0
72,2020-04-06 10:00:00,W 52 St & 11 Ave,40.76727216,-73.99392888,23.0
72,2020-04-06 11:00:00,W 52 St & 11 Ave,40.76727216,-73.99392888,24.0
72,2020-04-06 12:00:00,W 52 St & 11 Ave,40.76727216,-73.99392888,25.0
72,2020-04-06 14:00:00,W 52 St & 11 Ave,40.76727216,-73.99392888,23.0
72,2020-04-06 15:00:00,W 52 St & 11 Ave,40.76727216,-73.99392888,22.0
72,2020-04-06 16:00:00,W 52 St & 11 Ave,40.76727216,-73.99392888,15.0
72,2020-04-06 17:00:00,W 52 St & 11 Ave,40.76727216,-73.99392888,14.0
72,2020-04-06 18:00:00,W 52 St & 11 Ave,40.76727216,-73.99392888,11.0
72,2020-04-06 19:00:00,W 52 St & 11 Ave,40.76727216,-73.99392888,5.0
72,2020-04-07 04:00:00,W 52 St & 11 Ave,40.76727216,-73.99392888,25.0
72,2020-04-07 06:00:00,W 52 St & 11 Ave,40.76727216,-73.99392888,25.0
72,2020-04-07 07:00:00,W 52 St & 11 Ave,40.76727216,-73.99392888,26.0
72,2020-04-07 08:00:00,W 52 St & 11 Ave,40.76727216,-73.99392888,24.0
72,2020-04-07 09:00:00,W 52 St & 11 Ave,40.76727216,-73.99392888,24.0
72,2020-04-07 10:00:00,W 52 St & 11 Ave,40.76727216,-73.99392888,24.0
72,2020-04-07 11:00:00,W 52 St & 11 Ave,40.76727216,-73.99392888,26.0
72,2020-04-07 13:00:00,W 52 St & 11 Ave,40.76727216,-73.99392888,24.0
72,2020-04-07 14:00:00,W 52 St & 11 Ave,40.76727216,-73.99392888,22.0
72,2020-04-07 15:00:00,W 52 St & 11 Ave,40.76727216,-73.99392888,12.0
72,2020-04-07 16:00:00,W 52 St & 11 Ave,40.76727216,-73.99392888,15.0
72,2020-04-07 17:00:00,W 52 St & 11 Ave,40.76727216,-73.99392888,16.0
72,2020-04-07 18:00:00,W 52 St & 11 Ave,40.76727216,-73.99392888,16.0
72,2020-04-07 19:00:00,W 52 St & 11 Ave,40.76727216,-73.99392888,21.0
72,2020-04-07 20:00:00,W 52 St & 11 Ave,40.76727216,-73.99392888,15.0
72,2020-04-07 21:00:00,W 52 St & 11 Ave,40.76727216,-73.99392888,17.0
72,2020-04-08 00:00:00,W 52 St & 11 Ave,40.76727216,-73.99392888,25.0
72,2020-04-08 07:00:00,W 52 St & 11 Ave,40.76727216,-73.99392888,25.0
72,2020-04-08 08:00:00,W 52 St & 11 Ave,40.76727216,-73.99392888,25.0
72,2020-04-08 10:00:00,W 52 St & 11 Ave,40.76727216,-73.99392888,25.0
72,2020-04-08 12:00:00,W 52 St & 11 Ave,40.76727216,-73.99392888,25.0
72,2020-04-08 13:00:00,W 52 St & 11 Ave,40.76727216,-73.99392888,28.0
72,2020-04-08 14:00:00,W 52 St & 11 Ave,40.76727216,-73.99392888,25.0
72,2020-04-08 15:00:00,W 52 St & 11 Ave,40.76727216,-73.99392888,25.0
72,2020-04-08 16:00:00,W 52 St & 11 Ave,40.76727216,-73.99392888,23.0
72,2020-04-08 17:00:00,W 52 St & 11 Ave,40.76727216,-73.99392888,22.0
72,2020-04-08 18:00:00,W 52 St & 11 Ave,40.76727216,-73.99392888,27.0
72,2020-04-08 19:00:00,W 52 St & 11 Ave,40.76727216,-73.99392888,27.0
72,2020-04-08 20:00:00,W 52 St & 11 Ave,40.76727216,-73.99392888,27.0
72,2020-04-08 22:00:00,W 52 St & 11 Ave,40.76727216,-73.99392888,30.0
72,2020-04-09 06:00:00,W 52 St & 11 Ave,40.76727216,-73.99392888,25.0
72,2020-04-09 07:00:00,W 52 St & 11 Ave,40.76727216,-73.99392888,25.0
72,2020-04-09 08:00:00,W 52 St & 11 Ave,40.76727216,-73.99392888,26.0
72,2020-04-09 11:00:00,W 52 St & 11 Ave,40.76727216,-73.99392888,26.0
72,2020-04-09 13:00:00,W 52 St & 11 Ave,40.76727216,-73.99392888,24.0
72,2020-04-09 16:00:00,W 52 St & 11 Ave,40.76727216,-73.99392888,25.0
72,2020-04-09 17:00:00,W 52 St & 11 Ave,40.76727216,-73.99392888,23.0
72,2020-04-09 18:00:00,W 52 St & 11 Ave,40.76727216,-73.99392888,27.0
72,2020-04-09 19:00:00,W 52 St & 11 Ave,40.76727216,-73.99392888,28.0
72,2020-04-09 20:00:00,W 52 St & 11 Ave,40.76727216,-73.99392888,22.0
72,2020-04-09 21:00:00,W 52 St & 11 Ave,40.76727216,-73.99392888,22.0
72,2020-04-09 22:00:00,W 52 St & 11 Ave,40.76727216,-73.99392888,21.0
72,2020-04-10 00:00:00,W 52 St & 11 Ave,40.76727216,-73.99392888,25.0
72,2020-04-10 07:00:00,W 52 St & 11 Ave,40.76727216,-73.99392888,25.0
72,2020-04-10 08:00:00,W 52 St & 11 Ave,40.76727216,-73.99392888,25.0
72,2020-04-10 09:00:00,W 52 St & 11 Ave,40.76727216,-73.99392888,28.0
72,2020-04-10 12:00:00,W 52 St & 11 Ave,40.76727216,-73.99392888,30.0
72,2020-04-10 13:00:00,W 52 St & 11 Ave,40.76727216,-73.99392888,29.0
72,2020-04-10 14:00:00,W 52 St & 11 Ave,40.76727216,-73.99392888,33.0
72,2020-04-10 17:00:00,W 52 St & 11 Ave,40.76727216,-73.99392888,34.0
72,2020-04-10 18:00:00,W 52 St & 11 Ave,40.76727216,-73.99392888,33.0
72,2020-04-10 19:00:00,W 52 St & 11 Ave,40.76727216,-73.99392888,31.0
72,2020-04-11 10:00:00,W 52 St & 11 Ave,40.76727216,-73.99392888,25.0
72,2020-04-11 11:00:00,W 52 St & 11 Ave,40.76727216,-73.99392888,25.0
72,2020-04-11 12:00:00,W 52 St & 11 Ave,40.76727216,-73.99392888,28.0
72,2020-04-11 13:00:00,W 52 St & 11 Ave,40.76727216,-73.99392888,32.0
72,2020-04-11 14:00:00,W 52 St & 11 Ave,40.76727216,-73.99392888,24.0
72,2020-04-11 15:00:00,W 52 St & 11 Ave,40.76727216,-73.99392888,27.0
72,2020-04-11 16:00:00,W 52 St & 11 Ave,40.76727216,-73.99392888,28.0
72,2020-04-11 17:00:00,W 52 St & 11 Ave,40.76727216,-73.99392888,20.0
72,2020-04-11 18:00:00,W 52 St & 11 Ave,40.76727216,-73.99392888,25.0
72,2020-04-11 19:00:00,W 52 St & 11 Ave,40.76727216,-73.99392888,25.0
72,2020-04-11 22:00:00,W 52 St & 11 Ave,40.76727216,-73.99392888,21.0
72,2020-04-12 00:00:00,W 52 St & 11 Ave,40.76727216,-73.99392888,25.0
72,2020-04-12 08:00:00,W 52 St & 11 Ave,40.76727216,-73.99392888,25.0
72,2020-04-12 10:00:00,W 52 St & 11 Ave,40.76727216,-73.99392888,26.0
72,2020-04-12 11:00:00,W 52 St & 11 Ave,40.76727216,-73.99392888,25.0
72,2020-04-12 12:00:00,W 52 St & 11 Ave,40.76727216,-73.99392888,31.0
72,2020-04-12 13:00:00,W 52 St & 11 Ave,40.76727216,-73.99392888,34.0
72,2020-04-12 14:00:00,W 52 St & 11 Ave,40.76727216,-73.99392888,30.0
72,2020-04-12 15:00:00,W 52 St & 11 Ave,40.76727216,-73.99392888,23.0
72,2020-04-12 16:00:00,W 52 St & 11 Ave,40.76727216,-73.99392888,19.0
72,2020-04-12 17:00:00,W 52 St & 11 Ave,40.76727216,-73.99392888,25.0
72,2020-04-12 18:00:00,W 52 St & 11 Ave,40.76727216,-73.99392888,25.0
72,2020-04-12 19:00:00,W 52 St & 11 Ave,40.76727216,-73.99392888,21.0
72,2020-04-12 20:00:00,W 52 St & 11 Ave,40.76727216,-73.99392888,19.0
72,2020-04-12 23:00:00,W 52 St & 11 Ave,40.76727216,-73.99392888,19.0
72,2020-04-13 18:00:00,W 52 St & 11 Ave,40.76727216,-73.99392888,25.0
72,2020-04-13 19:00:00,W 52 St & 11 Ave,40.76727216,-73.99392888,26.0
72,2020-04-13 21:00:00,W 52 St & 11 Ave,40.76727216,-73.99392888,27.0
72,2020-04-14 07:00:00,W 52 St & 11 Ave,40.76727216,-73.99392888,25.0
72,2020-04-14 08:00:00,W 52 St & 11 Ave,40.76727216,-73.99392888,26.0
72,2020-04-14 09:00:00,W 52 St & 11 Ave,40.76727216,-73.99392888,26.0
72,2020-04-14 11:00:00,W 52 St & 11 Ave,40.76727216,-73.99392888,25.0
72,2020-04-14 12:00:00,W 52 St & 11 Ave,40.76727216,-73.99392888,27.0
72,2020-04-14 14:00:00,W 52 St & 11 Ave,40.76727216,-73.99392888,29.0
72,2020-04-14 15:00:00,W 52 St & 11 Ave,40.76727216,-73.99392888,30.0
72,2020-04-14 16:00:00,W 52 St & 11 Ave,40.76727216,-73.99392888,30.0
72,2020-04-14 17:00:00,W 52 St & 11 Ave,40.76727216,-73.99392888,30.0
72,2020-04-14 18:00:00,W 52 St & 11 Ave,40.76727216,-73.99392888,28.0
72,2020-04-14 19:00:00,W 52 St & 11 Ave,40.76727216,-73.99392888,35.0
72,2020-04-14 21:00:00,W 52 St & 11 Ave,40.76727216,-73.99392888,37.0
72,2020-04-15 03:00:00,W 52 St & 11 Ave,40.76727216,-73.99392888,25.0
72,2020-04-15 06:00:00,W 52 St & 11 Ave,40.76727216,-73.99392888,24.0
72,2020-04-15 09:00:00,W 52 St & 11 Ave,40.76727216,-73.99392888,26.0
72,2020-04-15 13:00:00,W 52 St & 11 Ave,40.76727216,-73.99392888,28.0
72,2020-04-15 15:00:00,W 52 St & 11 Ave,40.76727216,-73.99392888,28.0
72,2020-04-15 16:00:00,W 52 St & 11 Ave,40.76727216,-73.99392888,26.0
72,2020-04-15 17:00:00,W 52 St & 11 Ave,40.76727216,-73.99392888,23.0
72,2020-04-15 18:00:00,W 52 St & 11 Ave,40.76727216,-73.99392888,15.0
72,2020-04-15 19:00:00,W 52 St & 11 Ave,40.76727216,-73.99392888,15.0
72,2020-04-15 20:00:00,W 52 St & 11 Ave,40.76727216,-73.99392888,16.0
72,2020-04-15 22:00:00,W 52 St & 11 Ave,40.76727216,-73.99392888,15.0
72,2020-04-15 23:00:00,W 52 St & 11 Ave,40.76727216,-73.99392888,11.0
72,2020-04-16 07:00:00,W 52 St & 11 Ave,40.76727216,-73.99392888,25.0
72,2020-04-16 08:00:00,W 52 St & 11 Ave,40.76727216,-73.99392888,26.0
72,2020-04-16 09:00:00,W 52 St & 11 Ave,40.76727216,-73.99392888,27.0
72,2020-04-16 11:00:00,W 52 St & 11 Ave,40.76727216,-73.99392888,27.0
72,2020-04-16 13:00:00,W 52 St & 11 Ave,40.76727216,-73.99392888,27.0
72,2020-04-16 14:00:00,W 52 St & 11 Ave,40.76727216,-73.99392888,25.0
72,2020-04-16 15:00:00,W 52 St & 11 Ave,40.76727216,-73.99392888,22.0
72,2020-04-16 16:00:00,W 52 St & 11 Ave,40.76727216,-73.99392888,22.0
72,2020-04-16 17:00:00,W 52 St & 11 Ave,40.76727216,-73.99392888,21.0
72,2020-04-16 18:00:00,W 52 St & 11 Ave,40.76727216,-73.99392888,23.0
72,2020-04-16 19:00:00,W 52 St & 11 Ave,40.76727216,-73.99392888,27.0
72,2020-04-16 20:00:00,W 52 St & 11 Ave,40.76727216,-73.99392888,24.0
72,2020-04-16 23:00:00,W 52 St & 11 Ave,40.76727216,-73.99392888,21.0
72,2020-04-17 01:00:00,W 52 St & 11 Ave,40.76727216,-73.99392888,25.0
72,2020-04-17 08:00:00,W 52 St & 11 Ave,40.76727216,-73.99392888,25.0
72,2020-04-17 09:00:00,W 52 St & 11 Ave,40.76727216,-73.99392888,25.0
72,2020-04-17 12:00:00,W 52 St & 11 Ave,40.76727216,-73.99392888,26.0
72,2020-04-17 13:00:00,W 52 St & 11 Ave,40.76727216,-73.99392888,28.0
72,2020-04-17 14:00:00,W 52 St & 11 Ave,40.76727216,-73.99392888,27.0
72,2020-04-17 15:00:00,W 52 St & 11 Ave,40.76727216,-73.99392888,21.0
72,2020-04-17 16:00:00,W 52 St & 11 Ave,40.76727216,-73.99392888,18.0
72,2020-04-17 17:00:00,W 52 St & 11 Ave,40.76727216,-73.99392888,19.0
72,2020-04-17 18:00:00,W 52 St & 11 Ave,40.76727216,-73.99392888,20.0
72,2020-04-17 19:00:00,W 52 St & 11 Ave,40.76727216,-73.99392888,19.0
72,2020-04-18 13:00:00,W 52 St & 11 Ave,40.76727216,-73.99392888,25.0
72,2020-04-18 14:00:00,W 52 St & 11 Ave,40.76727216,-73.99392888,28.0
72,2020-04-18 15:00:00,W 52 St & 11 Ave,40.76727216,-73.99392888,30.0
72,2020-04-18 16:00:00,W 52 St & 11 Ave,40.76727216,-73.99392888,25.0
72,2020-04-18 17:00:00,W 52 St & 11 Ave,40.76727216,-73.99392888,26.0
72,2020-04-18 22:00:00,W 52 St & 11 Ave,40.76727216,-73.99392888,24.0
72,2020-04-19 10:00:00,W 52 St & 11 Ave,40.76727216,-73.99392888,25.0
72,2020-04-19 11:00:00,W 52 St & 11 Ave,40.76727216,-73.99392888,25.0
72,2020-04-19 12:00:00,W 52 St & 11 Ave,40.76727216,-73.99392888,28.0
72,2020-04-19 13:00:00,W 52 St & 11 Ave,40.76727216,-73.99392888,28.0
72,2020-04-19 14:00:00,W 52 St & 11 Ave,40.76727216,-73.99392888,35.0
72,2020-04-19 15:00:00,W 52 St & 11 Ave,40.76727216,-73.99392888,32.0
72,2020-04-19 16:00:00,W 52 St & 11 Ave,40.76727216,-73.99392888,39.0
72,2020-04-19 17:00:00,W 52 St & 11 Ave,40.76727216,-73.99392888,35.0
72,2020-04-19 18:00:00,W 52 St & 11 Ave,40.76727216,-73.99392888,29.0
72,2020-04-19 19:00:00,W 52 St & 11 Ave,40.76727216,-73.99392888,27.0
72,2020-04-20 01:00:00,W 52 St & 11 Ave,40.76727216,-73.99392888,25.0
72,2020-04-20 05:00:00,W 52 St & 11 Ave,40.76727216,-73.99392888,23.0
72,2020-04-20 06:00:00,W 52 St & 11 Ave,40.76727216,-73.99392888,23.0
72,2020-04-20 07:00:00,W 52 St & 11 Ave,40.76727216,-73.99392888,26.0
72,2020-04-20 08:00:00,W 52 St & 11 Ave,40.76727216,-73.99392888,26.0
72,2020-04-20 09:00:00,W 52 St & 11 Ave,40.76727216,-73.99392888,27.0
72,2020-04-20 10:00:00,W 52 St & 11 Ave,40.76727216,-73.99392888,29.0
72,2020-04-20 12:00:00,W 52 St & 11 Ave,40.76727216,-73.99392888,35.0
72,2020-04-20 13:00:00,W 52 St & 11 Ave,40.76727216,-73.99392888,38.0
72,2020-04-20 14:00:00,W 52 St & 11 Ave,40.76727216,-73.99392888,38.0
72,2020-04-20 15:00:00,W 52 St & 11 Ave,40.76727216,-73.99392888,38.0
72,2020-04-20 16:00:00,W 52 St & 11 Ave,40.76727216,-73.99392888,35.0
72,2020-04-20 17:00:00,W 52 St & 11 Ave,40.76727216,-73.99392888,35.0
72,2020-04-20 18:00:00,W 52 St & 11 Ave,40.76727216,-73.99392888,34.0
72,2020-04-20 19:00:00,W 52 St & 11 Ave,40.76727216,-73.99392888,34.0
72,2020-04-20 20:00:00,W 52 St & 11 Ave,40.76727216,-73.99392888,35.0
72,2020-04-20 21:00:00,W 52 St & 11 Ave,40.76727216,-73.99392888,31.0
72,2020-04-21 07:00:00,W 52 St & 11 Ave,40.76727216,-73.99392888,25.0
72,2020-04-21 08:00:00,W 52 St & 11 Ave,40.76727216,-73.99392888,24.0
72,2020-04-21 09:00:00,W 52 St & 11 Ave,40.76727216,-73.99392888,23.0
72,2020-04-21 10:00:00,W 52 St & 11 Ave,40.76727216,-73.99392888,22.0
72,2020-04-21 11:00:00,W 52 St & 11 Ave,40.76727216,-73.99392888,21.0
72,2020-04-21 12:00:00,W 52 St & 11 Ave,40.76727216,-73.99392888,18.0
72,2020-04-21 16:00:00,W 52 St & 11 Ave,40.76727216,-73.99392888,20.0
72,2020-04-21 17:00:00,W 52 St & 11 Ave,40.76727216,-73.99392888,20.0
72,2020-04-21 18:00:00,W 52 St & 11 Ave,40.76727216,-73.99392888,18.0
72,2020-04-21 20:00:00,W 52 St & 11 Ave,40.76727216,-73.99392888,17.0
72,2020-04-21 23:00:00,W 52 St & 11 Ave,40.76727216,-73.99392888,18.0
72,2020-04-22 07:00:00,W 52 St & 11 Ave,40.76727216,-73.99392888,25.0
72,2020-04-22 10:00:00,W 52 St & 11 Ave,40.76727216,-73.99392888,27.0
72,2020-04-22 11:00:00,W 52 St & 11 Ave,40.76727216,-73.99392888,29.0
72,2020-04-22 12:00:00,W 52 St & 11 Ave,40.76727216,-73.99392888,33.0
72,2020-04-22 15:00:00,W 52 St & 11 Ave,40.76727216,-73.99392888,34.0
72,2020-04-22 16:00:00,W 52 St & 11 Ave,40.76727216,-73.99392888,37.0
72,2020-04-22 17:00:00,W 52 St & 11 Ave,40.76727216,-73.99392888,34.0
72,2020-04-22 18:00:00,W 52 St & 11 Ave,40.76727216,-73.99392888,30.0
72,2020-04-22 19:00:00,W 52 St & 11 Ave,40.76727216,-73.99392888,33.0
72,2020-04-22 20:00:00,W 52 St & 11 Ave,40.76727216,-73.99392888,35.0
72,2020-04-23 07:00:00,W 52 St & 11 Ave,40.76727216,-73.99392888,25.0
72,2020-04-23 09:00:00,W 52 St & 11 Ave,40.76727216,-73.99392888,29.0
72,2020-04-23 11:00:00,W 52 St & 11 Ave,40.76727216,-73.99392888,30.0
72,2020-04-23 12:00:00,W 52 St & 11 Ave,40.76727216,-73.99392888,32.0
72,2020-04-23 13:00:00,W 52 St & 11 Ave,40.76727216,-73.99392888,31.0
72,2020-04-23 14:00:00,W 52 St & 11 Ave,40.76727216,-73.99392888,31.0
72,2020-04-23 15:00:00,W 52 St & 11 Ave,40.76727216,-73.99392888,31.0
72,2020-04-23 16:00:00,W 52 St & 11 Ave,40.76727216,-73.99392888,25.0
72,2020-04-23 17:00:00,W 52 St & 11 Ave,40.76727216,-73.99392888,25.0
72,2020-04-23 18:00:00,W 52 St & 11 Ave,40.76727216,-73.99392888,25.0
72,2020-04-23 19:00:00,W 52 St & 11 Ave,40.76727216,-73.99392888,24.0
72,2020-04-23 20:00:00,W 52 St & 11 Ave,40.76727216,-73.99392888,28.0
72,2020-04-24 07:00:00,W 52 St & 11 Ave,40.76727216,-73.99392888,25.0
72,2020-04-24 17:00:00,W 52 St & 11 Ave,40.76727216,-73.99392888,25.0
72,2020-04-24 18:00:00,W 52 St & 11 Ave,40.76727216,-73.99392888,22.0
72,2020-04-24 19:00:00,W 52 St & 11 Ave,40.76727216,-73.99392888,23.0
72,2020-04-24 20:00:00,W 52 St & 11 Ave,40.76727216,-73.99392888,26.0
72,2020-04-24 23:00:00,W 52 St & 11 Ave,40.76727216,-73.99392888,26.0
72,2020-04-25 02:00:00,W 52 St & 11 Ave,40.76727216,-73.99392888,25.0
72,2020-04-25 07:00:00,W 52 St & 11 Ave,40.76727216,-73.99392888,25.0
72,2020-04-25 08:00:00,W 52 St & 11 Ave,40.76727216,-73.99392888,24.0
72,2020-04-25 09:00:00,W 52 St & 11 Ave,40.76727216,-73.99392888,24.0
72,2020-04-25 10:00:00,W 52 St & 11 Ave,40.76727216,-73.99392888,23.0
72,2020-04-25 11:00:00,W 52 St & 11 Ave,40.76727216,-73.99392888,26.0
72,2020-04-25 12:00:00,W 52 St & 11 Ave,40.76727216,-73.99392888,17.0
72,2020-04-25 13:00:00,W 52 St & 11 Ave,40.76727216,-73.99392888,15.0
72,2020-04-25 14:00:00,W 52 St & 11 Ave,40.76727216,-73.99392888,21.0
72,2020-04-25 15:00:00,W 52 St & 11 Ave,40.76727216,-73.99392888,16.0
72,2020-04-25 16:00:00,W 52 St & 11 Ave,40.76727216,-73.99392888,33.0
72,2020-04-25 17:00:00,W 52 St & 11 Ave,40.76727216,-73.99392888,20.0
72,2020-04-25 18:00:00,W 52 St & 11 Ave,40.76727216,-73.99392888,18.0
72,2020-04-25 19:00:00,W 52 St & 11 Ave,40.76727216,-73.99392888,14.0
72,2020-04-25 20:00:00,W 52 St & 11 Ave,40.76727216,-73.99392888,13.0
72,2020-04-25 21:00:00,W 52 St & 11 Ave,40.76727216,-73.99392888,13.0
72,2020-04-25 23:00:00,W 52 St & 11 Ave,40.76727216,-73.99392888,12.0
72,2020-04-26 00:00:00,W 52 St & 11 Ave,40.76727216,-73.99392888,25.0
72,2020-04-26 11:00:00,W 52 St & 11 Ave,40.76727216,-73.99392888,25.0
72,2020-04-26 15:00:00,W 52 St & 11 Ave,40.76727216,-73.99392888,26.0
72,2020-04-26 17:00:00,W 52 St & 11 Ave,40.76727216,-73.99392888,27.0
72,2020-04-26 18:00:00,W 52 St & 11 Ave,40.76727216,-73.99392888,27.0
72,2020-04-27 07:00:00,W 52 St & 11 Ave,40.76727216,-73.99392888,25.0
72,2020-04-27 09:00:00,W 52 St & 11 Ave,40.76727216,-73.99392888,25.0
72,2020-04-27 10:00:00,W 52 St & 11 Ave,40.76727216,-73.99392888,26.0
72,2020-04-27 12:00:00,W 52 St & 11 Ave,40.76727216,-73.99392888,25.0
72,2020-04-27 14:00:00,W 52 St & 11 Ave,40.76727216,-73.99392888,28.0
72,2020-04-27 15:00:00,W 52 St & 11 Ave,40.76727216,-73.99392888,30.0
72,2020-04-27 16:00:00,W 52 St & 11 Ave,40.76727216,-73.99392888,26.0
72,2020-04-27 17:00:00,W 52 St & 11 Ave,40.76727216,-73.99392888,26.0
72,2020-04-27 18:00:00,W 52 St & 11 Ave,40.76727216,-73.99392888,26.0
72,2020-04-27 19:00:00,W 52 St & 11 Ave,40.76727216,-73.99392888,26.0
72,2020-04-27 21:00:00,W 52 St & 11 Ave,40.76727216,-73.99392888,24.0
72,2020-04-28 08:00:00,W 52 St & 11 Ave,40.76727216,-73.99392888,25.0
72,2020-04-28 09:00:00,W 52 St & 11 Ave,40.76727216,-73.99392888,25.0
72,2020-04-28 10:00:00,W 52 St & 11 Ave,40.76727216,-73.99392888,26.0
72,2020-04-28 11:00:00,W 52 St & 11 Ave,40.76727216,-73.99392888,26.0
72,2020-04-28 12:00:00,W 52 St & 11 Ave,40.76727216,-73.99392888,27.0
72,2020-04-28 13:00:00,W 52 St & 11 Ave,40.76727216,-73.99392888,29.0
72,2020-04-28 14:00:00,W 52 St & 11 Ave,40.76727216,-73.99392888,25.0
72,2020-04-28 15:00:00,W 52 St & 11 Ave,40.76727216,-73.99392888,17.0
72,2020-04-28 16:00:00,W 52 St & 11 Ave,40.76727216,-73.99392888,20.0
72,2020-04-28 17:00:00,W 52 St & 11 Ave,40.76727216,-73.99392888,22.0
72,2020-04-28 18:00:00,W 52 St & 11 Ave,40.76727216,-73.99392888,13.0
72,2020-04-28 19:00:00,W 52 St & 11 Ave,40.76727216,-73.99392888,22.0
72,2020-04-28 20:00:00,W 52 St & 11 Ave,40.76727216,-73.99392888,25.0
72,2020-04-28 21:00:00,W 52 St & 11 Ave,40.76727216,-73.99392888,23.0
72,2020-04-29 07:00:00,W 52 St & 11 Ave,40.76727216,-73.99392888,25.0
72,2020-04-29 08:00:00,W 52 St & 11 Ave,40.76727216,-73.99392888,25.0
72,2020-04-29 09:00:00,W 52 St & 11 Ave,40.76727216,-73.99392888,26.0
72,2020-04-29 10:00:00,W 52 St & 11 Ave,40.76727216,-73.99392888,27.0
72,2020-04-29 11:00:00,W 52 St & 11 Ave,40.76727216,-73.99392888,29.0
72,2020-04-29 12:00:00,W 52 St & 11 Ave,40.76727216,-73.99392888,29.0
72,2020-04-29 13:00:00,W 52 St & 11 Ave,40.76727216,-73.99392888,30.0
72,2020-04-29 14:00:00,W 52 St & 11 Ave,40.76727216,-73.99392888,30.0
72,2020-04-29 15:00:00,W 52 St & 11 Ave,40.76727216,-73.99392888,29.0
72,2020-04-29 16:00:00,W 52 St & 11 Ave,40.76727216,-73.99392888,27.0
72,2020-04-29 17:00:00,W 52 St & 11 Ave,40.76727216,-73.99392888,29.0
72,2020-04-29 18:00:00,W 52 St & 11 Ave,40.76727216,-73.99392888,26.0
72,2020-04-29 19:00:00,W 52 St & 11 Ave,40.76727216,-73.99392888,20.0
72,2020-04-30 07:00:00,W 52 St & 11 Ave,40.76727216,-73.99392888,25.0
72,2020-04-30 10:00:00,W 52 St & 11 Ave,40.76727216,-73.99392888,27.0
72,2020-04-30 12:00:00,W 52 St & 11 Ave,40.76727216,-73.99392888,29.0
72,2020-04-30 13:00:00,W 52 St & 11 Ave,40.76727216,-73.99392888,29.0
72,2020-04-30 14:00:00,W 52 St & 11 Ave,40.76727216,-73.99392888,27.0
72,2020-04-30 15:00:00,W 52 St & 11 Ave,40.76727216,-73.99392888,27.0
72,2020-04-30 16:00:00,W 52 St & 11 Ave,40.76727216,-73.99392888,25.0
72,2020-04-30 17:00:00,W 52 St & 11 Ave,40.76727216,-73.99392888,28.0
72,2020-04-30 18:00:00,W 52 St & 11 Ave,40.76727216,-73.99392888,28.0
72,2020-04-30 19:00:00,W 52 St & 11 Ave,40.76727216,-73.99392888,27.0
72,2020-04-30 20:00:00,W 52 St & 11 Ave,40.76727216,-73.99392888,26.0
72,2020-04-30 21:00:00,W 52 St & 11 Ave,40.76727216,-73.99392888,25.0
72,2020-05-01 05:00:00,W 52 St & 11 Ave,40.76727216,-73.99392888,25.0
72,2020-05-01 06:00:00,W 52 St & 11 Ave,40.76727216,-73.99392888,25.0
72,2020-05-01 10:00:00,W 52 St & 11 Ave,40.76727216,-73.99392888,26.0
72,2020-05-01 12:00:00,W 52 St & 11 Ave,40.76727216,-73.99392888,26.0
72,2020-05-01 13:00:00,W 52 St & 11 Ave,40.76727216,-73.99392888,25.0
72,2020-05-01 14:00:00,W 52 St & 11 Ave,40.76727216,-73.99392888,29.0
72,2020-05-01 15:00:00,W 52 St & 11 Ave,40.76727216,-73.99392888,27.0
72,2020-05-01 16:00:00,W 52 St & 11 Ave,40.76727216,-73.99392888,24.0
72,2020-05-01 17:00:00,W 52 St & 11 Ave,40.76727216,-73.99392888,25.0
72,2020-05-01 18:00:00,W 52 St & 11 Ave,40.76727216,-73.99392888,27.0
72,2020-05-01 19:00:00,W 52 St & 11 Ave,40.76727216,-73.99392888,24.0
72,2020-05-01 23:00:00,W 52 St & 11 Ave,40.76727216,-73.99392888,25.0
72,2020-05-02 02:00:00,W 52 St & 11 Ave,40.76727216,-73.99392888,25.0
72,2020-05-02 09:00:00,W 52 St & 11 Ave,40.76727216,-73.99392888,25.0
72,2020-05-02 10:00:00,W 52 St & 11 Ave,40.76727216,-73.99392888,26.0
72,2020-05-02 11:00:00,W 52 St & 11 Ave,40.76727216,-73.99392888,26.0
72,2020-05-02 12:00:00,W 52 St & 11 Ave,40.76727216,-73.99392888,23.0
72,2020-05-02 13:00:00,W 52 St & 11 Ave,40.76727216,-73.99392888,32.0
72,2020-05-02 14:00:00,W 52 St & 11 Ave,40.76727216,-73.99392888,25.0
72,2020-05-02 15:00:00,W 52 St & 11 Ave,40.76727216,-73.99392888,49.0
72,2020-05-02 16:00:00,W 52 St & 11 Ave,40.76727216,-73.99392888,65.0
72,2020-05-02 17:00:00,W 52 St & 11 Ave,40.76727216,-73.99392888,62.0
72,2020-05-02 18:00:00,W 52 St & 11 Ave,40.76727216,-73.99392888,63.0
72,2020-05-02 19:00:00,W 52 St & 11 Ave,40.76727216,-73.99392888,57.0
72,2020-05-02 20:00:00,W 52 St & 11 Ave,40.76727216,-73.99392888,47.0
72,2020-05-02 21:00:00,W 52 St & 11 Ave,40.76727216,-73.99392888,48.0
72,2020-05-03 00:00:00,W 52 St & 11 Ave,40.76727216,-73.99392888,25.0
72,2020-05-03 01:00:00,W 52 St & 11 Ave,40.76727216,-73.99392888,26.0
72,2020-05-03 09:00:00,W 52 St & 11 Ave,40.76727216,-73.99392888,27.0
72,2020-05-03 10:00:00,W 52 St & 11 Ave,40.76727216,-73.99392888,27.0
72,2020-05-03 11:00:00,W 52 St & 11 Ave,40.76727216,-73.99392888,25.0
72,2020-05-03 12:00:00,W 52 St & 11 Ave,40.76727216,-73.99392888,26.0
72,2020-05-03 13:00:00,W 52 St & 11 Ave,40.76727216,-73.99392888,28.0
72,2020-05-03 14:00:00,W 52 St & 11 Ave,40.76727216,-73.99392888,36.0
72,2020-05-03 15:00:00,W 52 St & 11 Ave,40.76727216,-73.99392888,43.0
72,2020-05-03 16:00:00,W 52 St & 11 Ave,40.76727216,-73.99392888,53.0
72,2020-05-03 17:00:00,W 52 St & 11 Ave,40.76727216,-73.99392888,49.0
72,2020-05-03 18:00:00,W 52 St & 11 Ave,40.76727216,-73.99392888,42.0
72,2020-05-03 19:00:00,W 52 St & 11 Ave,40.76727216,-73.99392888,40.0
72,2020-05-03 20:00:00,W 52 St & 11 Ave,40.76727216,-73.99392888,44.0
72,2020-05-03 21:00:00,W 52 St & 11 Ave,40.76727216,-73.99392888,38.0
72,2020-05-03 22:00:00,W 52 St & 11 Ave,40.76727216,-73.99392888,32.0
72,2020-05-03 23:00:00,W 52 St & 11 Ave,40.76727216,-73.99392888,29.0
72,2020-05-04 00:00:00,W 52 St & 11 Ave,40.76727216,-73.99392888,25.0
72,2020-05-04 01:00:00,W 52 St & 11 Ave,40.76727216,-73.99392888,27.0
72,2020-05-04 04:00:00,W 52 St & 11 Ave,40.76727216,-73.99392888,26.0
72,2020-05-04 07:00:00,W 52 St & 11 Ave,40.76727216,-73.99392888,26.0
72,2020-05-04 08:00:00,W 52 St & 11 Ave,40.76727216,-73.99392888,27.0
72,2020-05-04 09:00:00,W 52 St & 11 Ave,40.76727216,-73.99392888,31.0
72,2020-05-04 10:00:00,W 52 St & 11 Ave,40.76727216,-73.99392888,30.0
72,2020-05-04 11:00:00,W 52 St & 11 Ave,40.76727216,-73.99392888,30.0
72,2020-05-04 12:00:00,W 52 St & 11 Ave,40.76727216,-73.99392888,31.0
72,2020-05-04 13:00:00,W 52 St & 11 Ave,40.76727216,-73.99392888,33.0
72,2020-05-04 14:00:00,W 52 St & 11 Ave,40.76727216,-73.99392888,34.0
72,2020-05-04 15:00:00,W 52 St & 11 Ave,40.76727216,-73.99392888,35.0
72,2020-05-04 16:00:00,W 52 St & 11 Ave,40.76727216,-73.99392888,33.0
72,2020-05-04 17:00:00,W 52 St & 11 Ave,40.76727216,-73.99392888,29.0
72,2020-05-04 18:00:00,W 52 St & 11 Ave,40.76727216,-73.99392888,24.0
72,2020-05-04 19:00:00,W 52 St & 11 Ave,40.76727216,-73.99392888,19.0
72,2020-05-04 21:00:00,W 52 St & 11 Ave,40.76727216,-73.99392888,17.0
72,2020-05-05 08:00:00,W 52 St & 11 Ave,40.76727216,-73.99392888,25.0
72,2020-05-05 09:00:00,W 52 St & 11 Ave,40.76727216,-73.99392888,25.0
72,2020-05-05 10:00:00,W 52 St & 11 Ave,40.76727216,-73.99392888,21.0
72,2020-05-05 11:00:00,W 52 St & 11 Ave,40.76727216,-73.99392888,31.0
72,2020-05-05 12:00:00,W 52 St & 11 Ave,40.76727216,-73.99392888,33.0
72,2020-05-05 13:00:00,W 52 St & 11 Ave,40.76727216,-73.99392888,32.0
72,2020-05-05 15:00:00,W 52 St & 11 Ave,40.76727216,-73.99392888,32.0
72,2020-05-05 16:00:00,W 52 St & 11 Ave,40.76727216,-73.99392888,29.0
72,2020-05-05 17:00:00,W 52 St & 11 Ave,40.76727216,-73.99392888,30.0
72,2020-05-05 18:00:00,W 52 St & 11 Ave,40.76727216,-73.99392888,27.0
72,2020-05-05 19:00:00,W 52 St & 11 Ave,40.76727216,-73.99392888,28.0
72,2020-05-05 20:00:00,W 52 St & 11 Ave,40.76727216,-73.99392888,28.0
72,2020-05-05 21:00:00,W 52 St & 11 Ave,40.76727216,-73.99392888,25.0
72,2020-05-05 23:00:00,W 52 St & 11 Ave,40.76727216,-73.99392888,24.0
72,2020-05-06 01:00:00,W 52 St & 11 Ave,40.76727216,-73.99392888,25.0
72,2020-05-06 07:00:00,W 52 St & 11 Ave,40.76727216,-73.99392888,25.0
72,2020-05-06 08:00:00,W 52 St & 11 Ave,40.76727216,-73.99392888,25.0
72,2020-05-06 09:00:00,W 52 St & 11 Ave,40.76727216,-73.99392888,28.0
72,2020-05-06 11:00:00,W 52 St & 11 Ave,40.76727216,-73.99392888,25.0
72,2020-05-06 13:00:00,W 52 St & 11 Ave,40.76727216,-73.99392888,23.0
72,2020-05-06 14:00:00,W 52 St & 11 Ave,40.76727216,-73.99392888,23.0
72,2020-05-06 17:00:00,W 52 St & 11 Ave,40.76727216,-73.99392888,21.0
72,2020-05-06 18:00:00,W 52 St & 11 Ave,40.76727216,-73.99392888,22.0
72,2020-05-06 19:00:00,W 52 St & 11 Ave,40.76727216,-73.99392888,20.0
72,2020-05-06 20:00:00,W 52 St & 11 Ave,40.76727216,-73.99392888,18.0
72,2020-05-06 22:00:00,W 52 St & 11 Ave,40.76727216,-73.99392888,19.0
72,2020-05-06 23:00:00,W 52 St & 11 Ave,40.76727216,-73.99392888,19.0
72,2020-05-07 07:00:00,W 52 St & 11 Ave,40.76727216,-73.99392888,25.0
72,2020-05-07 08:00:00,W 52 St & 11 Ave,40.76727216,-73.99392888,26.0
72,2020-05-07 09:00:00,W 52 St & 11 Ave,40.76727216,-73.99392888,29.0
72,2020-05-07 10:00:00,W 52 St & 11 Ave,40.76727216,-73.99392888,34.0
72,2020-05-07 11:00:00,W 52 St & 11 Ave,40.76727216,-73.99392888,34.0
72,2020-05-07 12:00:00,W 52 St & 11 Ave,40.76727216,-73.99392888,38.0
72,2020-05-07 13:00:00,W 52 St & 11 Ave,40.76727216,-73.99392888,37.0
72,2020-05-07 14:00:00,W 52 St & 11 Ave,40.76727216,-73.99392888,37.0
72,2020-05-07 15:00:00,W 52 St & 11 Ave,40.76727216,-73.99392888,40.0
72,2020-05-07 16:00:00,W 52 St & 11 Ave,40.76727216,-73.99392888,38.0
72,2020-05-07 17:00:00,W 52 St & 11 Ave,40.76727216,-73.99392888,38.0
72,2020-05-07 18:00:00,W 52 St & 11 Ave,40.76727216,-73.99392888,37.0
72,2020-05-07 19:00:00,W 52 St & 11 Ave,40.76727216,-73.99392888,31.0
72,2020-05-07 20:00:00,W 52 St & 11 Ave,40.76727216,-73.99392888,35.0
72,2020-05-07 21:00:00,W 52 St & 11 Ave,40.76727216,-73.99392888,35.0
72,2020-05-07 22:00:00,W 52 St & 11 Ave,40.76727216,-73.99392888,33.0
72,2020-05-07 23:00:00,W 52 St & 11 Ave,40.76727216,-73.99392888,34.0
72,2020-05-08 00:00:00,W 52 St & 11 Ave,40.76727216,-73.99392888,25.0
72,2020-05-08 06:00:00,W 52 St & 11 Ave,40.76727216,-73.99392888,29.0
72,2020-05-08 08:00:00,W 52 St & 11 Ave,40.76727216,-73.99392888,30.0
72,2020-05-08 09:00:00,W 52 St & 11 Ave,40.76727216,-73.99392888,35.0
72,2020-05-08 10:00:00,W 52 St & 11 Ave,40.76727216,-73.99392888,34.0
72,2020-05-08 11:00:00,W 52 St & 11 Ave,40.76727216,-73.99392888,35.0
72,2020-05-08 12:00:00,W 52 St & 11 Ave,40.76727216,-73.99392888,34.0
72,2020-05-08 14:00:00,W 52 St & 11 Ave,40.76727216,-73.99392888,34.0
72,2020-05-08 15:00:00,W 52 St & 11 Ave,40.76727216,-73.99392888,34.0
72,2020-05-08 17:00:00,W 52 St & 11 Ave,40.76727216,-73.99392888,32.0
72,2020-05-08 18:00:00,W 52 St & 11 Ave,40.76727216,-73.99392888,28.0
72,2020-05-08 19:00:00,W 52 St & 11 Ave,40.76727216,-73.99392888,27.0
72,2020-05-09 08:00:00,W 52 St & 11 Ave,40.76727216,-73.99392888,25.0
72,2020-05-09 11:00:00,W 52 St & 11 Ave,40.76727216,-73.99392888,25.0
72,2020-05-09 12:00:00,W 52 St & 11 Ave,40.76727216,-73.99392888,22.0
72,2020-05-09 13:00:00,W 52 St & 11 Ave,40.76727216,-73.99392888,25.0
72,2020-05-09 14:00:00,W 52 St & 11 Ave,40.76727216,-73.99392888,25.0
72,2020-05-09 15:00:00,W 52 St & 11 Ave,40.76727216,-73.99392888,28.0
72,2020-05-09 16:00:00,W 52 St & 11 Ave,40.76727216,-73.99392888,27.0
72,2020-05-09 17:00:00,W 52 St & 11 Ave,40.76727216,-73.99392888,26.0
72,2020-05-09 18:00:00,W 52 St & 11 Ave,40.76727216,-73.99392888,27.0
72,2020-05-09 19:00:00,W 52 St & 11 Ave,40.76727216,-73.99392888,31.0
72,2020-05-09 23:00:00,W 52 St & 11 Ave,40.76727216,-73.99392888,29.0
72,2020-05-10 00:00:00,W 52 St & 11 Ave,40.76727216,-73.99392888,25.0
72,2020-05-10 07:00:00,W 52 St & 11 Ave,40.76727216,-73.99392888,25.0
72,2020-05-10 09:00:00,W 52 St & 11 Ave,40.76727216,-73.99392888,25.0
72,2020-05-10 10:00:00,W 52 St & 11 Ave,40.76727216,-73.99392888,25.0
72,2020-05-10 11:00:00,W 52 St & 11 Ave,40.76727216,-73.99392888,29.0
72,2020-05-10 12:00:00,W 52 St & 11 Ave,40.76727216,-73.99392888,28.0
72,2020-05-10 13:00:00,W 52 St & 11 Ave,40.76727216,-73.99392888,31.0
72,2020-05-10 14:00:00,W 52 St & 11 Ave,40.76727216,-73.99392888,28.0
72,2020-05-10 15:00:00,W 52 St & 11 Ave,40.76727216,-73.99392888,41.0
72,2020-05-10 16:00:00,W 52 St & 11 Ave,40.76727216,-73.99392888,39.0
72,2020-05-10 17:00:00,W 52 St & 11 Ave,40.76727216,-73.99392888,35.0
72,2020-05-10 18:00:00,W 52 St & 11 Ave,40.76727216,-73.99392888,35.0
72,2020-05-10 19:00:00,W 52 St & 11 Ave,40.76727216,-73.99392888,25.0
72,2020-05-10 20:00:00,W 52 St & 11 Ave,40.76727216,-73.99392888,20.0
72,2020-05-10 21:00:00,W 52 St & 11 Ave,40.76727216,-73.99392888,16.0
72,2020-05-11 07:00:00,W 52 St & 11 Ave,40.76727216,-73.99392888,25.0
72,2020-05-11 08:00:00,W 52 St & 11 Ave,40.76727216,-73.99392888,25.0
72,2020-05-11 10:00:00,W 52 St & 11 Ave,40.76727216,-73.99392888,27.0
72,2020-05-11 11:00:00,W 52 St & 11 Ave,40.76727216,-73.99392888,29.0
72,2020-05-11 12:00:00,W 52 St & 11 Ave,40.76727216,-73.99392888,27.0
72,2020-05-11 13:00:00,W 52 St & 11 Ave,40.76727216,-73.99392888,27.0
72,2020-05-11 14:00:00,W 52 St & 11 Ave,40.76727216,-73.99392888,28.0
72,2020-05-11 15:00:00,W 52 St & 11 Ave,40.76727216,-73.99392888,24.0
72,2020-05-11 16:00:00,W 52 St & 11 Ave,40.76727216,-73.99392888,24.0
72,2020-05-11 18:00:00,W 52 St & 11 Ave,40.76727216,-73.99392888,22.0
72,2020-05-11 19:00:00,W 52 St & 11 Ave,40.76727216,-73.99392888,18.0
72,2020-05-11 20:00:00,W 52 St & 11 Ave,40.76727216,-73.99392888,12.0
72,2020-05-12 08:00:00,W 52 St & 11 Ave,40.76727216,-73.99392888,25.0
72,2020-05-12 09:00:00,W 52 St & 11 Ave,40.76727216,-73.99392888,26.0
72,2020-05-12 10:00:00,W 52 St & 11 Ave,40.76727216,-73.99392888,28.0
72,2020-05-12 11:00:00,W 52 St & 11 Ave,40.76727216,-73.99392888,28.0
72,2020-05-12 12:00:00,W 52 St & 11 Ave,40.76727216,-73.99392888,30.0
72,2020-05-12 13:00:00,W 52 St & 11 Ave,40.76727216,-73.99392888,26.0
72,2020-05-12 14:00:00,W 52 St & 11 Ave,40.76727216,-73.99392888,25.0
72,2020-05-12 15:00:00,W 52 St & 11 Ave,40.76727216,-73.99392888,26.0
72,2020-05-12 16:00:00,W 52 St & 11 Ave,40.76727216,-73.99392888,17.0
72,2020-05-12 17:00:00,W 52 St & 11 Ave,40.76727216,-73.99392888,17.0
72,2020-05-12 18:00:00,W 52 St & 11 Ave,40.76727216,-73.99392888,11.0
72,2020-05-12 19:00:00,W 52 St & 11 Ave,40.76727216,-73.99392888,11.0
72,2020-05-12 20:00:00,W 52 St & 11 Ave,40.76727216,-73.99392888,9.0
72,2020-05-12 23:00:00,W 52 St & 11 Ave,40.76727216,-73.99392888,11.0
72,2020-05-13 08:00:00,W 52 St & 11 Ave,40.76727216,-73.99392888,25.0
72,2020-05-13 09:00:00,W 52 St & 11 Ave,40.76727216,-73.99392888,26.0
72,2020-05-13 10:00:00,W 52 St & 11 Ave,40.76727216,-73.99392888,26.0
72,2020-05-13 12:00:00,W 52 St & 11 Ave,40.76727216,-73.99392888,27.0
72,2020-05-13 13:00:00,W 52 St & 11 Ave,40.76727216,-73.99392888,30.0
72,2020-05-13 14:00:00,W 52 St & 11 Ave,40.76727216,-73.99392888,32.0
72,2020-05-13 15:00:00,W 52 St & 11 Ave,40.76727216,-73.99392888,29.0
72,2020-05-13 16:00:00,W 52 St & 11 Ave,40.76727216,-73.99392888,25.0
72,2020-05-13 17:00:00,W 52 St & 11 Ave,40.76727216,-73.99392888,25.0
72,2020-05-13 18:00:00,W 52 St & 11 Ave,40.76727216,-73.99392888,23.0
72,2020-05-13 19:00:00,W 52 St & 11 Ave,40.76727216,-73.99392888,24.0
72,2020-05-13 20:00:00,W 52 St & 11 Ave,40.76727216,-73.99392888,23.0
72,2020-05-13 21:00:00,W 52 St & 11 Ave,40.76727216,-73.99392888,24.0
72,2020-05-14 08:00:00,W 52 St & 11 Ave,40.76727216,-73.99392888,25.0
72,2020-05-14 09:00:00,W 52 St & 11 Ave,40.76727216,-73.99392888,30.0
72,2020-05-14 10:00:00,W 52 St & 11 Ave,40.76727216,-73.99392888,30.0
72,2020-05-14 11:00:00,W 52 St & 11 Ave,40.76727216,-73.99392888,30.0
72,2020-05-14 12:00:00,W 52 St & 11 Ave,40.76727216,-73.99392888,30.0
72,2020-05-14 13:00:00,W 52 St & 11 Ave,40.76727216,-73.99392888,32.0
72,2020-05-14 14:00:00,W 52 St & 11 Ave,40.76727216,-73.99392888,31.0
72,2020-05-14 15:00:00,W 52 St & 11 Ave,40.76727216,-73.99392888,35.0
72,2020-05-14 16:00:00,W 52 St & 11 Ave,40.76727216,-73.99392888,28.0
72,2020-05-14 17:00:00,W 52 St & 11 Ave,40.76727216,-73.99392888,31.0
72,2020-05-14 18:00:00,W 52 St & 11 Ave,40.76727216,-73.99392888,25.0
72,2020-05-14 19:00:00,W 52 St & 11 Ave,40.76727216,-73.99392888,26.0
72,2020-05-14 20:00:00,W 52 St & 11 Ave,40.76727216,-73.99392888,27.0
72,2020-05-15 06:00:00,W 52 St & 11 Ave,40.76727216,-73.99392888,25.0
72,2020-05-15 07:00:00,W 52 St & 11 Ave,40.76727216,-73.99392888,27.0
72,2020-05-15 08:00:00,W 52 St & 11 Ave,40.76727216,-73.99392888,29.0
72,2020-05-15 09:00:00,W 52 St & 11 Ave,40.76727216,-73.99392888,30.0
72,2020-05-15 10:00:00,W 52 St & 11 Ave,40.76727216,-73.99392888,31.0
72,2020-05-15 11:00:00,W 52 St & 11 Ave,40.76727216,-73.99392888,32.0
72,2020-05-15 12:00:00,W 52 St & 11 Ave,40.76727216,-73.99392888,34.0
72,2020-05-15 13:00:00,W 52 St & 11 Ave,40.76727216,-73.99392888,34.0
72,2020-05-15 14:00:00,W 52 St & 11 Ave,40.76727216,-73.99392888,33.0
72,2020-05-15 15:00:00,W 52 St & 11 Ave,40.76727216,-73.99392888,26.0
72,2020-05-15 16:00:00,W 52 St & 11 Ave,40.76727216,-73.99392888,24.0
72,2020-05-15 17:00:00,W 52 St & 11 Ave,40.76727216,-73.99392888,20.0
72,2020-05-15 18:00:00,W 52 St & 11 Ave,40.76727216,-73.99392888,18.0
72,2020-05-15 19:00:00,W 52 St & 11 Ave,40.76727216,-73.99392888,19.0
72,2020-05-15 20:00:00,W 52 St & 11 Ave,40.76727216,-73.99392888,21.0
72,2020-05-15 21:00:00,W 52 St & 11 Ave,40.76727216,-73.99392888,20.0
72,2020-05-16 07:00:00,W 52 St & 11 Ave,40.76727216,-73.99392888,25.0
72,2020-05-16 08:00:00,W 52 St & 11 Ave,40.76727216,-73.99392888,27.0
72,2020-05-16 09:00:00,W 52 St & 11 Ave,40.76727216,-73.99392888,27.0
72,2020-05-16 10:00:00,W 52 St & 11 Ave,40.76727216,-73.99392888,30.0
