station_id,name,latitude,longitude,capacity,num_bikes_available,last_reported
72,W 52 St & 11 Ave,40.76727216,-73.99392888,39,7,2016-01-22
79,Franklin St & W Broadway,40.71911552,-74.00666661,33,33,2016-01-22
82,St James Pl & Pearl St,40.71117416,-74.00016545,27,0,2016-01-22
83,Atlantic Ave & Fort Greene Pl,40.68382604,-73.97632328,62,41,2016-01-22
116,W 17 St & 8 Ave,40.74177603,-74.00149746,39,20,2016-01-22
119,Park Ave & St Edwards St,40.69608941,-73.97803415,19,4,2016-01-22
120,Lexington Ave & Classon Ave,40.68676793,-73.95928168,19,2,2016-01-22
127,Barrow St & Hudson St,40.73172428,-74.00674436,31,10,2016-01-22
128,MacDougal St & Prince St,40.72710258,-74.00297088,30,21,2016-01-22
137,E 56 St & Madison Ave,40.761628,-73.972924,46,31,2016-01-22
143,Clinton St & Joralemon St,40.69239502,-73.99337909,24,4,2016-01-22
144,Nassau St & Navy St,40.69839895,-73.98068914,19,14,2016-01-22
146,Hudson St & Reade St,40.71625008,-74.0091059,39,9,2016-01-22
147,Greenwich St & Warren St,40.71542197,-74.01121978,33,15,2016-01-22
150,E 2 St & Avenue C,40.7208736,-73.98085795,31,2,2016-01-22
151,Cleveland Pl & Spring St,40.722103786686034,-73.99724900722504,33,11,2016-01-22
152,Warren St & Church St,40.71473993,-74.00910627,29,26,2016-01-22
153,E 40 St & 5 Ave,40.752062307,-73.9816324043,55,19,2016-01-22
157,Henry St & Atlantic Ave,40.69089272,-73.99612349,23,7,2016-01-22
160,E 37 St & Lexington Ave,40.748238,-73.978311,26,3,2016-01-22
161,LaGuardia Pl & W 3 St,40.72917025,-73.99810231,35,27,2016-01-22
164,E 47 St & 2 Ave,40.75323098,-73.97032517,47,10,2016-01-22
167,E 39 St & 3 Ave,40.7489006,-73.97604882,45,23,2016-01-22
168,W 18 St & 6 Ave,40.73971301,-73.99456405,47,36,2016-01-22
173,Broadway & W 49 St,40.76068327096592,-73.9845272898674,51,8,2016-01-22
174,E 25 St & 1 Ave,40.7381765,-73.97738662,30,9,2016-01-22
195,Liberty St & Broadway,40.70905623,-74.01043382,45,20,2016-01-22
212,W 16 St & The High Line,40.74334935,-74.00681753,28,4,2016-01-22
216,Columbia Heights & Cranberry St,40.70037867,-73.99548059,23,10,2016-01-22
217,Old Fulton St,40.70277159,-73.99383605,39,17,2016-01-22
223,W 13 St & 7 Ave,40.73781509,-73.99994661,33,12,2016-01-22
224,Spruce St & Nassau St,40.71146364,-74.00552427,31,4,2016-01-22
225,W 14 St & The High Line,40.74195138,-74.00803013,37,18,2016-01-22
228,E 48 St & 3 Ave,40.7546011026,-73.971878855,55,11,2016-01-22
229,Great Jones St,40.72743423,-73.99379025,23,22,2016-01-22
232,Cadman Plaza E & Tillary St,40.69597683,-73.99014892,23,7,2016-01-22
233,Cadman Plaza W & Pierrepont St,40.69475701363877,-73.99052739143372,38,3,2016-01-22
236,St Marks Pl & 2 Ave,40.7284186,-73.98713956,39,6,2016-01-22
237,E 11 St & 2 Ave,40.73047309,-73.98672378,39,2,2016-01-22
238,Bank St & Washington St,40.7361967,-74.00859207,31,17,2016-01-22
239,Willoughby St & Fleet St,40.69196566,-73.9813018,31,14,2016-01-22
241,DeKalb Ave & S Portland Ave,40.68981035,-73.97493121,23,4,2016-01-22
242,Carlton Ave & Flushing Ave,40.697787,-73.973736,23,4,2016-01-22
243,Fulton St & Rockwell Pl,40.688226,-73.979382,31,27,2016-01-22
244,Willoughby Ave & Hall St,40.69196035,-73.96536851,31,5,2016-01-22
245,Myrtle Ave & St Edwards St,40.69327018,-73.97703874,23,7,2016-01-22
247,Perry St & Bleecker St,40.73535398,-74.00483091,20,11,2016-01-22
248,Laight St & Hudson St,40.72185379,-74.00771779,23,13,2016-01-22
249,Harrison St & Hudson St,40.71870987,-74.0090009,27,25,2016-01-22
250,Lafayette St & Jersey St,40.72456089,-73.99565293,40,38,2016-01-22
251,Mott St & Prince St,40.72317958,-73.99480012,27,4,2016-01-22
252,MacDougal St & Washington Sq,40.73226398,-73.99852205,33,2,2016-01-22
253,W 13 St & 5 Ave,40.73543934,-73.99453948,55,16,2016-01-22
254,W 11 St & 6 Ave,40.73532427,-73.99800419,31,6,2016-01-22
257,Lispenard St & Broadway,40.71939226,-74.00247214,39,35,2016-01-22
258,DeKalb Ave & Vanderbilt Ave,40.68940747,-73.96885458,23,0,2016-01-22
259,South St & Whitehall St,40.70122128,-74.01234218,39,35,2016-01-22
260,Broad St & Bridge St,40.70365182,-74.01167797,35,25,2016-01-22
261,Johnson St & Gold St,40.69474881,-73.98362464,27,13,2016-01-22
262,Washington Park,40.6917823,-73.9737299,24,1,2016-01-22
263,Elizabeth St & Hester St,40.71729,-73.996375,31,0,2016-01-22
264,Maiden Ln & Pearl St,40.70706456,-74.00731853,27,24,2016-01-22
265,Stanton St & Chrystie St,40.72229346,-73.99147535,35,11,2016-01-22
266,Avenue D & E 8 St,40.72368361,-73.97574813,24,2,2016-01-22
267,Broadway & W 36 St,40.75097711,-73.98765428,57,1,2016-01-22
268,Howard St & Centre St,40.71910537,-73.99973337,27,25,2016-01-22
270,Adelphi St & Myrtle Ave,40.69308257,-73.97178913,23,6,2016-01-22
274,Lafayette Ave & Fort Greene Pl,40.68691865,-73.976682,31,20,2016-01-22
275,Washington Ave & Greene Ave,40.68650065,-73.96563307,19,3,2016-01-22
276,Duane St & Greenwich St,40.71748752,-74.0104554,25,23,2016-01-22
278,Concord St & Bridge St,40.69766564,-73.98476437,19,11,2016-01-22
279,Peck Slip & Front St,40.707873,-74.00167,36,23,2016-01-22
280,E 10 St & 5 Ave,40.73331967,-73.99510132,31,21,2016-01-22
281,Grand Army Plaza & Central Park S,40.7643971,-73.97371465,59,26,2016-01-22
282,Kent Ave & S 11 St,40.70827295,-73.96834101,27,4,2016-01-22
284,Greenwich Ave & 8 Ave,40.7390169121,-74.0026376103,43,27,2016-01-22
285,Broadway & E 14 St,40.73454567,-73.99074142,47,11,2016-01-22
289,Monroe St & Classon Ave,40.6845683,-73.95881081,19,6,2016-01-22
291,Madison St & Montgomery St,40.713126,-73.984844,20,0,2016-01-22
293,Lafayette St & E 8 St,40.73028666,-73.9907647,55,13,2016-01-22
295,Pike St & E Broadway,40.71406667,-73.99293911,24,0,2016-01-22
296,Division St & Bowery,40.71413089,-73.9970468,35,29,2016-01-22
297,E 15 St & 3 Ave,40.734232,-73.986923,27,6,2016-01-22
298,3 Ave & Schermerhorn St,40.68683208,-73.9796772,35,21,2016-01-22
300,Shevchenko Pl & E 7 St,40.728145,-73.990214,55,13,2016-01-22
301,E 2 St & Avenue B,40.72217444,-73.98368779,37,2,2016-01-22
302,Avenue D & E 3 St,40.72082834,-73.97793172,23,0,2016-01-22
303,Mercer St & Spring St,40.72362738,-73.99949601,31,21,2016-01-22
304,Broadway & Battery Pl,40.70463334,-74.01361706,36,29,2016-01-22
305,E 58 St & 3 Ave,40.76095756,-73.96724467,33,20,2016-01-22
306,Cliff St & Fulton St,40.70823502,-74.00530063,37,27,2016-01-22
307,Canal St & Rutgers St,40.71427487,-73.98990025,29,2,2016-01-22
308,St James Pl & Oliver St,40.71307916,-73.99851193,27,6,2016-01-22
309,Murray St & West St,40.7149787,-74.013012,41,37,2016-01-22
310,State St & Smith St,40.68926942,-73.98912867,36,14,2016-01-22
311,Norfolk St & Broome St,40.7172274,-73.98802084,31,5,2016-01-22
312,Allen St & E Houston St,40.722055,-73.989111,31,5,2016-01-22
313,Washington Ave & Park Ave,40.69610226,-73.96751037,23,22,2016-01-22
314,Cadman Plaza West & Montague St,40.69383,-73.990539,39,19,2016-01-22
315,South St & Gouverneur Ln,40.70355377,-74.00670227,29,23,2016-01-22
316,Fulton St & William St,40.70955958,-74.00653609,43,33,2016-01-22
317,E 6 St & Avenue B,40.72453734,-73.98185424,27,10,2016-01-22
319,Fulton St & Broadway,40.711066,-74.009447,33,24,2016-01-22
320,Leonard St & Church St,40.717571,-74.005549,39,35,2016-01-22
321,Cadman Plaza E & Red Cross Pl,40.69991755,-73.98971773,27,18,2016-01-22
322,Clinton St & Tillary St,40.696192,-73.991218,31,8,2016-01-22
323,Lawrence St & Willoughby St,40.69236178,-73.98631746,39,36,2016-01-22
324,DeKalb Ave & Hudson Ave,40.689888,-73.981013,51,32,2016-01-22
325,E 19 St & 3 Ave,40.73624527,-73.98473765,35,1,2016-01-22
326,E 11 St & 1 Ave,40.72953837,-73.98426726,27,0,2016-01-22
327,Vesey Pl & River Terrace,40.7153379,-74.01658354,39,19,2016-01-22
328,Watts St & Greenwich St,40.72405549,-74.00965965,23,14,2016-01-22
329,Greenwich St & N Moore St,40.72043411,-74.01020609,31,11,2016-01-22
330,Reade St & Broadway,40.71450451,-74.00562789,39,18,2016-01-22
331,Pike St & Monroe St,40.71173107,-73.99193043,27,1,2016-01-22
332,Cherry St,40.71219906,-73.97948148,24,6,2016-01-22
334,W 20 St & 7 Ave,40.74238787,-73.99726235,31,17,2016-01-22
335,Washington Pl & Broadway,40.72903917,-73.99404649,27,15,2016-01-22
336,Sullivan St & Washington Sq,40.73047747,-73.99906065,36,17,2016-01-22
337,Old Slip & Front St,40.7037992,-74.00838676,37,20,2016-01-22
339,Avenue D & E 12 St,40.72580614,-73.97422494,24,1,2016-01-22
340,Madison St & Clinton St,40.71269042,-73.98776323,27,0,2016-01-22
341,Stanton St & Mangin St,40.71782143,-73.97628939,19,0,2016-01-22
342,Columbia St & Rivington St,40.71739973,-73.98016555,29,0,2016-01-22
343,Clinton Ave & Flushing Ave,40.69794,-73.96986848,23,23,2016-01-22
344,Monroe St & Bedford Ave,40.6851443,-73.95380904,23,10,2016-01-22
345,W 13 St & 6 Ave,40.73649403,-73.99704374,35,18,2016-01-22
346,Bank St & Hudson St,40.73652889,-74.00618026,27,2,2016-01-22
347,Greenwich St & W Houston St,40.728846,-74.008591,35,23,2016-01-22
348,W Broadway & Spring St,40.72490985,-74.00154702,42,30,2016-01-22
350,Clinton St & Grand St,40.71559509,-73.9870295,28,1,2016-01-22
351,Front St & Maiden Ln,40.70530954,-74.00612572,39,32,2016-01-22
352,W 56 St & 6 Ave,40.76340613,-73.97722479,36,30,2016-01-22
353,S Portland Ave & Hanson Pl,40.68539567,-73.97431458,27,14,2016-01-22
354,Emerson Pl & Myrtle Ave,40.69363137,-73.96223558,23,16,2016-01-22
355,Bayard St & Baxter St,40.71602118,-73.99974372,43,6,2016-01-22
356,Bialystoker Pl & Delancey St,40.71622644,-73.98261206,23,0,2016-01-22
357,E 11 St & Broadway,40.73261787,-73.99158043,27,4,2016-01-22
358,Christopher St & Greenwich St,40.73291553,-74.00711384,36,4,2016-01-22
359,E 47 St & Park Ave,40.75510267,-73.97498696,55,25,2016-01-22
360,William St & Pine St,40.70717936,-74.00887308,39,9,2016-01-22
361,Allen St & Hester St,40.71605866,-73.99190759,43,2,2016-01-22
362,Broadway & W 37 St,40.75172632,-73.98753523,57,2,2016-01-22
363,West Thames St,40.70834698,-74.01713445,49,3,2016-01-22
364,Lafayette Ave & Classon Ave,40.68900443,-73.96023854,27,10,2016-01-22
365,Fulton St & Grand Ave,40.68223166,-73.9614583,31,11,2016-01-22
366,Clinton Ave & Myrtle Ave,40.693261,-73.968896,33,12,2016-01-22
367,E 53 St & Lexington Ave,40.75828065,-73.97069431,34,23,2016-01-22
368,Carmine St & 6 Ave,40.73038599,-74.00214988,39,26,2016-01-22
369,Washington Pl & 6 Ave,40.73224119,-74.00026394,35,1,2016-01-22
372,Franklin Ave & Myrtle Ave,40.694528,-73.958089,27,13,2016-01-22
373,Willoughby Ave & Walworth St,40.69331716,-73.95381995,19,16,2016-01-22
375,Mercer St & Bleecker St,40.72679454,-73.99695094,30,13,2016-01-22
376,John St & William St,40.70862144,-74.00722156,43,33,2016-01-22
377,6 Ave & Canal St,40.72243797,-74.00566443,47,42,2016-01-22
379,W 31 St & 7 Ave,40.749156,-73.9916,42,42,2016-01-22
380,W 4 St & 7 Ave S,40.73401143,-74.00293877,39,33,2016-01-22
382,University Pl & E 14 St,40.73492695,-73.99200509,36,36,2016-01-22
383,Greenwich Ave & Charles St,40.735238,-74.000271,39,21,2016-01-22
384,Fulton St & Washington Ave,40.683048,-73.964915,31,11,2016-01-22
385,E 55 St & 2 Ave,40.75797322,-73.96603308,29,5,2016-01-22
386,Centre St & Worth St,40.71494807,-74.00234482,43,36,2016-01-22
387,Centre St & Chambers St,40.71273266,-74.0046073,39,11,2016-01-22
388,W 26 St & 10 Ave,40.749717753,-74.002950346,35,12,2016-01-22
389,Broadway & Berry St,40.71044554,-73.96525063,27,1,2016-01-22
390,Duffield St & Willoughby St,40.69221589,-73.9842844,31,25,2016-01-22
391,Clark St & Henry St,40.69760127,-73.99344559,31,18,2016-01-22
392,Jay St & Tech Pl,40.695065,-73.987167,32,15,2016-01-22
393,E 5 St & Avenue C,40.72299208,-73.97995466,31,3,2016-01-22
394,E 9 St & Avenue C,40.72521311,-73.97768752,32,8,2016-01-22
395,Bond St & Schermerhorn St,40.68807003,-73.98410637,30,21,2016-01-22
396,Lefferts Pl & Franklin Ave,40.680342423,-73.9557689392,25,3,2016-01-22
397,Fulton St & Clermont Ave,40.68415748,-73.96922273,27,0,2016-01-22
398,Atlantic Ave & Furman St,40.69165183,-73.9999786,31,13,2016-01-22
399,Lafayette Ave & St James Pl,40.68851534,-73.9647628,27,13,2016-01-22
400,Pitt St & Stanton St,40.71926081,-73.98178024,15,5,2016-01-22
401,Allen St & Rivington St,40.72019576,-73.98997825,43,4,2016-01-22
402,Broadway & E 22 St,40.7403432,-73.98955109,42,28,2016-01-22
403,E 2 St & 2 Ave,40.72502876,-73.99069656,31,14,2016-01-22
405,Washington St & Gansevoort St,40.739323,-74.008119,40,18,2016-01-22
406,Hicks St & Montague St,40.69512845,-73.99595065,34,22,2016-01-22
407,Henry St & Poplar St,40.700469,-73.991454,37,5,2016-01-22
408,Market St & Cherry St,40.71076228,-73.99400398,23,3,2016-01-22
409,DeKalb Ave & Skillman St,40.6906495,-73.95643107,19,2,2016-01-22
410,Suffolk St & Stanton St,40.72066442,-73.98517977,35,3,2016-01-22
411,E 6 St & Avenue D,40.72228087,-73.97668709,23,4,2016-01-22
412,Forsyth St & Canal St,40.7158155,-73.99422366,29,4,2016-01-22
414,Pearl St & Anchorage Pl,40.70281858,-73.98765762,24,13,2016-01-22
415,Pearl St & Hanover Square,40.7047177,-74.00926027,42,24,2016-01-22
416,Cumberland St & Lafayette Ave,40.68753406,-73.97265183,31,3,2016-01-22
417,Barclay St & Church St,40.71291224,-74.01020234,23,18,2016-01-22
418,Front St & Gold St,40.70224,-73.982578,23,13,2016-01-22
419,Carlton Ave & Park Ave,40.69580705,-73.97355569,23,1,2016-01-22
420,Clermont Ave & Lafayette Ave,40.68764484,-73.96968902,23,0,2016-01-22
421,Clermont Ave & Park Ave,40.69573398,-73.97129668,19,10,2016-01-22
422,W 59 St & 10 Ave,40.770513,-73.988038,55,6,2016-01-22
423,W 54 St & 9 Ave,40.76584941,-73.98690506,3,0,2015-12-14
426,West St & Chambers St,40.71754834,-74.01322069,31,20,2016-01-22
427,Bus Slip & State St,40.701907,-74.013942,47,32,2016-01-22
428,E 3 St & 1 Ave,40.72467721,-73.98783413,31,13,2016-01-22
430,York St & Jay St,40.7014851,-73.98656928,27,25,2016-01-22
432,E 7 St & Avenue A,40.72621788,-73.98379855,31,1,2016-01-22
433,E 13 St & Avenue A,40.72955361,-73.98057249,39,0,2016-01-22
434,9 Ave & W 18 St,40.74317449,-74.00366443,27,6,2016-01-22
435,W 21 St & 6 Ave,40.74173969,-73.99415556,47,37,2016-01-22
436,Hancock St & Bedford Ave,40.68216564,-73.95399026,27,8,2016-01-22
437,Macon St & Nostrand Ave,40.6809833854,-73.9500479759,24,8,2016-01-22
438,St Marks Pl & 1 Ave,40.72779126,-73.98564945,27,2,2016-01-22
439,E 4 St & 2 Ave,40.7262807,-73.98978041,39,8,2016-01-22
440,E 45 St & 3 Ave,40.75255434,-73.97282625,32,6,2016-01-22
441,E 52 St & 2 Ave,40.756014,-73.967416,35,6,2016-01-22
442,W 27 St & 7 Ave,40.746647,-73.993915,51,27,2016-01-22
443,Bedford Ave & S 9 St,40.70853074,-73.96408963,23,2,2016-01-22
444,Broadway & W 24 St,40.7423543,-73.98915076,52,47,2016-01-22
445,E 10 St & Avenue A,40.72740794,-73.98142006,42,21,2016-01-22
446,W 24 St & 7 Ave,40.74487634,-73.99529885,39,17,2016-01-22
447,8 Ave & W 52 St,40.76370739,-73.9851615,31,11,2016-01-22
448,W 37 St & 10 Ave,40.75660359,-73.9979009,31,3,2016-01-22
449,W 52 St & 9 Ave,40.76461837,-73.98789473,31,2,2016-01-22
450,W 49 St & 8 Ave,40.76227205,-73.98788205,59,6,2016-01-22
453,W 22 St & 8 Ave,40.74475148,-73.99915362,39,13,2016-01-22
454,E 51 St & 1 Ave,40.75455731,-73.96592976,35,2,2016-01-22
455,1 Ave & E 44 St,40.75001986,-73.96905301,39,39,2016-01-22
456,E 53 St & Madison Ave,40.7597108,-73.97402311,35,15,2016-01-22
457,Broadway & W 58 St,40.76695317,-73.98169333,39,23,2016-01-22
458,11 Ave & W 27 St,40.751396,-74.005226,31,23,2016-01-22
459,W 20 St & 11 Ave,40.746745,-74.007756,49,27,2016-01-22
460,S 4 St & Wythe Ave,40.71285887,-73.96590294,23,18,2016-01-22
461,E 20 St & 2 Ave,40.73587678,-73.98205027,39,2,2016-01-22
462,W 22 St & 10 Ave,40.74691959,-74.00451887,47,13,2016-01-22
463,9 Ave & W 16 St,40.74206539,-74.00443172,25,17,2016-01-22
465,Broadway & W 41 St,40.75513557,-73.98658032,39,3,2016-01-22
466,W 25 St & 6 Ave,40.74395411,-73.99144871,35,14,2016-01-22
467,Dean St & 4 Ave,40.68312489,-73.97895137,34,23,2016-01-22
468,Broadway & W 55 St,40.7652654,-73.98192338,59,2,2016-01-22
469,Broadway & W 53 St,40.76344058,-73.98268129,57,1,2016-01-22
470,W 20 St & 8 Ave,40.74345335,-74.00004031,37,8,2016-01-22
471,Grand St & Havemeyer St,40.71286844,-73.95698119,31,24,2016-01-22
472,E 32 St & Park Ave,40.7457121,-73.98194829,41,1,2016-01-22
473,Rivington St & Chrystie St,40.72110063,-73.9919254,38,5,2016-01-22
474,5 Ave & E 29 St,40.7451677,-73.98683077,47,23,2016-01-22
475,E 16 St & Irving Pl,40.73524276,-73.98758561,37,16,2016-01-22
476,E 31 St & 3 Ave,40.74394314,-73.97966069,47,1,2016-01-22
477,W 41 St & 8 Ave,40.75640548,-73.9900262,59,45,2016-01-22
478,11 Ave & W 41 St,40.76030096,-73.99884222,31,3,2016-01-22
479,9 Ave & W 45 St,40.76019252,-73.9912551,31,13,2016-01-22
480,W 53 St & 10 Ave,40.76669671,-73.99061728,27,1,2016-01-22
481,S 3 St & Bedford Ave,40.71260486,-73.96264403,25,11,2016-01-22
482,W 15 St & 7 Ave,40.73935542,-73.99931783,39,3,2016-01-22
483,E 12 St & 3 Ave,40.73223272,-73.98889957,35,4,2016-01-22
484,W 44 St & 5 Ave,40.75500254,-73.98014437,44,12,2016-01-22
485,W 37 St & 5 Ave,40.75038009,-73.98338988,39,4,2016-01-22
486,Broadway & W 29 St,40.7462009,-73.98855723,39,6,2016-01-22
487,E 20 St & FDR Drive,40.73314259,-73.97573881,36,8,2016-01-22
488,W 39 St & 9 Ave,40.75645824,-73.99372222,41,16,2016-01-22
489,10 Ave & W 28 St,40.75066386,-74.00176802,37,3,2016-01-22
490,8 Ave & W 33 St,40.751551,-73.993934,59,40,2016-01-22
491,E 24 St & Park Ave S,40.74096374,-73.98602213,53,21,2016-01-22
492,W 33 St & 7 Ave,40.75019995,-73.99093085,49,49,2016-01-22
493,W 45 St & 6 Ave,40.7568001,-73.98291153,34,22,2016-01-22
494,W 26 St & 8 Ave,40.74734825,-73.99723551,35,12,2016-01-22
495,W 47 St & 10 Ave,40.76269882,-73.99301222,25,2,2016-01-22
496,E 16 St & 5 Ave,40.73726186,-73.99238967,47,23,2016-01-22
497,E 17 St & Broadway,40.73704984,-73.99009296,59,0,2016-01-22
498,Broadway & W 32 St,40.74854862,-73.98808416,30,0,2016-01-22
499,Broadway & W 60 St,40.76915505,-73.98191841,36,12,2016-01-22
500,Broadway & W 51 St,40.76228826,-73.98336183,52,0,2016-01-22
501,FDR Drive & E 35 St,40.744219,-73.97121214,43,26,2016-01-22
502,Henry St & Grand St,40.714215,-73.981346,30,1,2016-01-22
503,E 20 St & Park Ave,40.73827428,-73.98751968,29,27,2016-01-22
504,1 Ave & E 15 St,40.73221853,-73.98165557,45,3,2016-01-22
505,6 Ave & W 33 St,40.74901271,-73.98848395,36,8,2016-01-22
507,E 25 St & 2 Ave,40.73912601,-73.97973776,47,0,2016-01-22
508,W 46 St & 11 Ave,40.76341379,-73.99667444,24,11,2016-01-22
509,9 Ave & W 22 St,40.7454973,-74.00197139,36,34,2016-01-22
510,W 51 St & 6 Ave,40.7606597,-73.98042047,51,35,2016-01-22
511,E 14 St & Avenue B,40.72938685,-73.97772429,33,5,2016-01-22
512,W 29 St & 9 Ave,40.7500727,-73.99839279,27,9,2016-01-22
513,W 56 St & 10 Ave,40.768254,-73.988639,27,0,2016-01-22
514,12 Ave & W 40 St,40.76087502,-74.00277668,53,21,2016-01-22
515,W 43 St & 10 Ave,40.76009437,-73.99461843,35,11,2016-01-22
516,E 47 St & 1 Ave,40.75206862,-73.96784384,31,2,2016-01-22
517,Pershing Square South,40.751581,-73.97791,59,2,2016-01-22
518,E 39 St & 2 Ave,40.74780373,-73.9734419,39,5,2016-01-22
519,Pershing Square North,40.751873,-73.977706,61,29,2016-01-22
520,W 52 St & 5 Ave,40.75992262,-73.97648516,39,24,2016-01-22
521,8 Ave & W 31 St,40.75096734871598,-73.99444207549095,39,38,2016-01-22
522,E 51 St & Lexington Ave,40.75714758,-73.97207836,51,23,2016-01-22
523,W 38 St & 8 Ave,40.75466591,-73.99138152,51,15,2016-01-22
524,W 43 St & 6 Ave,40.75527307,-73.98316936,57,22,2016-01-22
525,W 34 St & 11 Ave,40.75594159,-74.0021163,39,9,2016-01-22
526,E 33 St & 5 Ave,40.74765947,-73.98490707,39,5,2016-01-22
527,E 33 St & 2 Ave,40.744023,-73.976056,59,2,2016-01-22
528,2 Ave & E 31 St,40.74290902,-73.97706058,39,9,2016-01-22
529,W 42 St & 8 Ave,40.7575699,-73.99098507,41,33,2016-01-22
530,11 Ave & W 59 St,40.771522,-73.990541,36,3,2016-01-22
531,Forsyth St & Broome St,40.71893904,-73.99266288,39,2,2016-01-22
532,S 5 Pl & S 4 St,40.710451,-73.960876,43,12,2016-01-22
533,Broadway & W 39 St,40.75299641,-73.98721619,50,11,2016-01-22
534,Water - Whitehall Plaza,40.70255065,-74.0127234,31,27,2016-01-22
536,1 Ave & E 30 St,40.74144387,-73.97536082,29,4,2016-01-22
537,Lexington Ave & E 24 St,40.74025878,-73.98409214,39,8,2016-01-22
539,Metropolitan Ave & Bedford Ave,40.71534825,-73.96024116,31,11,2016-01-22
540,Lexington Ave & E 29 St,40.74311555376486,-73.98215353488922,30,5,2016-01-22
545,E 23 St & 1 Ave,40.736502,-73.97809472,27,6,2016-01-22
546,E 30 St & Park Ave S,40.74444921,-73.98303529,38,14,2016-01-22
2000,Front St & Washington St,40.70255088,-73.98940236,30,15,2016-01-22
2001,Sands St & Navy St,40.699773,-73.979927,15,7,2016-01-22
2002,Wythe Ave & Metropolitan Ave,40.716887,-73.963198,27,8,2016-01-22
2003,1 Ave & E 18 St,40.733812191966315,-73.98054420948029,39,8,2016-01-22
2004,6 Ave & Broome St,40.724399,-74.004704,36,26,2016-01-22
2005,Railroad Ave & Kay Ave,40.70531194,-73.97100056,12,6,2016-01-22
2006,Central Park S & 6 Ave,40.76590936,-73.97634151,49,20,2016-01-22
2008,Little West St & 1 Pl,40.70569254,-74.01677685,24,13,2016-01-22
2009,Catherine St & Monroe St,40.71117444,-73.99682619,35,1,2016-01-22
2010,Grand St & Greene St,40.72165481,-74.00234737,39,0,2016-01-22
2012,E 27 St & 1 Ave,40.739445,-73.976806,36,15,2016-01-22
2017,E 43 St & 2 Ave,40.75022392,-73.97121414,39,0,2016-01-22
2021,W 45 St & 8 Ave,40.75929124,-73.98859651,43,0,2016-01-22
2022,E 60 St & York Ave,40.759107,-73.959223,33,2,2016-01-22
2023,E 55 St & Lexington Ave,40.75968085,-73.97031366,36,10,2016-01-22
3002,South End Ave & Liberty St,40.711512,-74.015756,25,7,2016-01-22
3041,Kingston Ave & Herkimer St,40.67890679,-73.94142771,24,3,2016-01-22
3042,Fulton St & Utica Ave,40.6794268,-73.9298911,19,17,2016-01-22
3043,Lewis Ave & Decatur St,40.6814598,-73.934903,19,6,2016-01-22
3044,Albany Ave & Fulton St,40.6800105,-73.938475,27,3,2016-01-22
3046,Marcus Garvey Blvd & Macon St,40.682601,-73.938037,19,8,2016-01-22
3047,Halsey St & Tompkins Ave,40.6823687,-73.944118,21,1,2016-01-22
3048,Putnam Ave & Nostrand Ave,40.68402,-73.94977,19,7,2016-01-22
3049,Cambridge Pl & Gates Ave,40.68488,-73.96304,18,0,2016-01-22
3050,Putnam Ave & Throop Ave,40.6851532,-73.94111,21,1,2016-01-22
3052,Lewis Ave & Madison St,40.686312,-73.935775,23,8,2016-01-22
3053,Marcy Ave & Lafayette Ave,40.6900815,-73.947915,23,9,2016-01-22
3054,Greene Ave & Throop Ave,40.6894932,-73.942061,19,2,2016-01-22
3055,Greene Ave & Nostrand Ave,40.6883337,-73.950916,23,1,2016-01-22
3056,Kosciuszko St & Nostrand Ave,40.69072549,-73.95133465,23,5,2016-01-22
3057,Kosciuszko St & Tompkins Ave,40.69128258,-73.9452416,18,2,2016-01-22
3058,Lewis Ave & Kosciuszko St,40.69237074,-73.93705428,24,5,2016-01-22
3059,Pulaski St & Marcus Garvey Blvd,40.6933982,-73.939877,19,2,2016-01-22
3060,Willoughby Ave & Tompkins Ave,40.69425403,-73.94626915,19,0,2016-01-22
3061,Throop Ave & Myrtle Ave,40.69622937,-73.94371094,21,2,2016-01-22
3062,Myrtle Ave & Marcy Ave,40.69539817,-73.94954908,23,3,2016-01-22
3063,Nostrand Ave & Myrtle Ave,40.69527008,-73.95238108,20,9,2016-01-22
3064,Myrtle Ave & Lewis Ave,40.69681963,-73.93756926,23,6,2016-01-22
3065,Union Ave & Wallabout St,40.70029511,-73.95032283,27,1,2016-01-22
3066,Tompkins Ave & Hopkins St,40.69957608,-73.94708417,19,5,2016-01-22
3067,Broadway & Whipple St,40.7016657,-73.9437303,27,22,2016-01-22
3068,Humboldt St & Varet St,40.7031724,-73.940636,24,15,2016-01-22
3069,Lorimer St & Broadway,40.70411791,-73.94818595,25,16,2016-01-22
3070,McKibbin St & Manhattan Ave,40.70510918,-73.94407279,23,0,2016-01-22
3071,Boerum St & Broadway,40.70538077,-73.94976519,19,6,2016-01-22
3072,Leonard St & Boerum St,40.70583339,-73.94644578,24,16,2016-01-22
3073,Division Ave & Hooper St,40.70691254,-73.95441667,27,0,2016-01-22
3074,Montrose Ave & Bushwick Ave,40.70767788,-73.94016171,31,25,2016-01-22
3075,Division Ave & Marcy Ave,40.70708701,-73.95796783,33,5,2016-01-22
3076,Scholes St & Manhattan Ave,40.70870368,-73.9448625,24,1,2016-01-22
3077,Stagg St & Union Ave,40.70877084,-73.95095259,33,0,2016-01-22
3078,Broadway & Roebling St,40.70925562,-73.95982218,27,13,2016-01-22
3079,Leonard St & Grand St,40.71103537,-73.94714303,24,17,2016-01-22
3080,S 4 St & Rodney St,40.70934,-73.95608,21,3,2016-01-22
3081,Graham Ave & Grand St,40.711863,-73.944024,23,0,2016-01-22
3082,Hope St & Union Ave,40.71167351,-73.95141312,25,0,2016-01-22
3083,Bushwick Ave & Powers St,40.71247661,-73.94100005,30,8,2016-01-22
3084,Devoe St & Leonard St,40.71348658,-73.94792458,19,10,2016-01-22
3085,Roebling St & N 4 St,40.71469,-73.95739,25,15,2016-01-22
3086,Graham Ave & Conselyea St,40.715143,-73.944507,25,19,2016-01-22
3087,Metropolitan Ave & Meeker Ave,40.71413311,-73.95234386,36,36,2016-01-22
3088,Union Ave & Jackson St,40.7160751,-73.952029,22,8,2016-01-22
3089,Leonard St & Meeker Ave,40.717318403855785,-73.94820213317871,21,5,2016-01-22
3090,N 8 St & Driggs Ave,40.71774592,-73.95600096,31,31,2016-01-22
3091,Frost St & Meeker St,40.71764,-73.94882,31,4,2016-01-22
3092,Berry St & N 8 St,40.7190095,-73.95852515,27,8,2016-01-22
3093,N 6 St & Bedford Ave,40.71745169,-73.95850939,28,19,2016-01-22
3094,Graham Ave & Withers St,40.7169811,-73.94485918,18,0,2016-01-22
3095,Graham Ave & Herbert St,40.71929301,-73.94500379,23,0,2016-01-22
3096,Union Ave & N 12 St,40.71924,-73.95242,39,9,2016-01-22
3097,N Henry St & Richardson St,40.71921585,-73.9424469,19,1,2016-01-22
3098,Leonard St & Bayard St,40.71928,-73.94861,43,5,2016-01-22
3099,Leonard St & Manhattan Ave,40.72152240339303,-73.94898265600203,19,6,2016-01-22
3100,Nassau Ave & Newell St,40.724812564400175,-73.94752621650696,0,0,1969-12-31
3101,N 12 St & Bedford Ave,40.72079821,-73.95484712,27,11,2016-01-22
3102,Driggs Ave & Lorimer St,40.72179134,-73.9504154,27,4,2016-01-22
3103,N 11 St & Wythe Ave,40.72153267,-73.95782357,27,6,2016-01-22
3104,Kent Ave & N 7 St,40.72057658,-73.96150225,47,22,2016-01-22
3105,N 15 St & Wythe Ave,40.724055,-73.955736,24,3,2016-01-22
3106,Driggs Ave & N Henry St,40.72325,-73.94308,19,0,2016-01-22
3107,Bedford Ave & Nassau Ave,40.72311651,-73.95212324,39,16,2016-01-22
3108,Nassau Ave & Russell St,40.72557,-73.94434,24,3,2016-01-22
3109,Banker St & Meserole Ave,40.72606,-73.95621,31,7,2016-01-22
3110,Meserole Ave & Manhattan Ave,40.72708584,-73.95299117,27,0,2016-01-22
3111,Norman Ave & Leonard St,40.7258483,-73.95064893,25,3,2016-01-22
3112,Milton St & Franklin St,40.72906,-73.95779,33,31,2016-01-22
3113,Greenpoint Ave & Manhattan Ave,40.73026,-73.95394,27,9,2016-01-22
3114,India St & East River,40.73165141,-73.96161892,23,11,2016-01-22
3115,India St & Manhattan Ave,40.73232194,-73.9550858,34,4,2016-01-22
3116,Huron St & Franklin St,40.73266,-73.95826,35,1,2016-01-22
3117,Franklin St & Dupont St,40.73564,-73.95866,27,5,2016-01-22
3118,McGuinness Blvd & Eagle St,40.73555,-73.95284,30,4,2016-01-22
3119,Vernon Blvd & 50 Ave,40.74232744,-73.95411749,45,40,2016-01-22
3120,Center Blvd & Borden Ave,40.74161,-73.96044,20,1,2016-01-22
3121,Jackson Ave & 46 Rd,40.74524768,-73.94733276,27,18,2016-01-22
3122,48 Ave & 5 St,40.744363287066875,-73.9558732509613,31,19,2016-01-22
3123,31 St & Thomson Ave,40.74469738,-73.93540375,27,20,2016-01-22
3124,46 Ave & 5 St,40.74731,-73.95451,27,14,2016-01-22
3125,45 Rd & 11 St,40.74708586,-73.94977234,23,14,2016-01-22
3126,44 Dr & Jackson Ave,40.74718234,-73.9432635,34,34,2016-01-22
3127,9 St & 44 Rd,40.74966,-73.9521,35,33,2016-01-22
3128,21 St & 43 Ave,40.75052534,-73.94594845,23,23,2016-01-22
3129,Queens Plaza North & Crescent St,40.75110165,-73.94073717,31,10,2016-01-22
3131,E 63 St & York Ave,40.76120833,-73.95748565,0,0,1969-12-31
3132,E 59 St & Madison Ave,40.76350532,-73.97109243,35,9,2016-01-22
3134,3 Ave & E 62 St,40.76312584,-73.96526895,51,2,2016-01-22
3135,E 75 St & 3 Ave,40.77112927,-73.95772297,41,9,2016-01-22
3136,5 Ave & E 63 St,40.76650452,-73.97147595,47,19,2016-01-22
3137,5 Ave & E 73 St,40.77282817,-73.96685276,31,3,2016-01-22
3138,E 77 St & Park Ave,40.774405455003,-73.96175265312193,47,5,2016-01-22
3139,E 72 St & Park Ave,40.77118287540658,-73.96409422159195,43,1,2016-01-22
3140,1 Ave & E 78 St,40.77140426,-73.9535166,55,21,2016-01-22
3141,1 Ave & E 68 St,40.76500525,-73.95818491,59,2,2016-01-22
3142,1 Ave & E 62 St,40.7612274,-73.96094022,59,5,2016-01-22
3143,5 Ave & E 78 St,40.77682863439968,-73.96388769149779,47,24,2016-01-22
3144,E 81 St & Park Ave,40.77677702,-73.9590097,46,26,2016-01-22
3145,E 84 St & Park Ave,40.77862688,-73.95772073,59,5,2016-01-22
3146,E 81 St & 3 Ave,40.77573034,-73.9567526,47,7,2016-01-22
3147,E 85 St & 3 Ave,40.77801203,-73.95407149,38,4,2016-01-22
3148,E 84 St & 1 Ave,40.77565541,-73.95068615,31,4,2016-01-22
3150,E 85 St & York Ave,40.77536905,-73.94803392,55,9,2016-01-22
3151,E 81 St & York Ave,40.7728384,-73.94989233,43,2,2016-01-22
3152,3 Ave & E 71 St,40.76873687,-73.96119945,0,0,1969-12-31
3153,E 71 St & 2 Ave,40.76817546742245,-73.95910263061523,37,7,2016-01-22
3154,E 77 St & 3 Ave,40.77314236,-73.95856158,31,13,2016-01-22
3155,Lexington Ave & E 63 St,40.76440023,-73.96648977,39,14,2016-01-22
3156,E 72 St & York Ave,40.76663814,-73.95348296,39,11,2016-01-22
3157,East End Ave & E 86 St,40.77518615,-73.94446054,47,7,2016-01-22
3158,W 63 St & Broadway,40.77163851,-73.98261428,31,0,2016-01-22
3159,W 67 St & Broadway,40.77492513,-73.98266566,31,5,2016-01-22
3160,Central Park West & W 76 St,40.77896784,-73.97374737,39,1,2016-01-22
3161,W 76 St & Columbus Ave,40.7801839724239,-73.97728532552719,59,0,2016-01-22
3162,W 78 St & Broadway,40.78339981,-73.98093133,39,5,2016-01-22
3163,Central Park West & W 68 St,40.7734066,-73.97782542,43,5,2016-01-22
3164,Columbus Ave & W 72 St,40.7770575,-73.97898475,67,5,2016-01-22
3165,Central Park West & W 72 St,40.77579376683666,-73.9762057363987,51,0,2016-01-22
3166,Riverside Dr & W 72 St,40.78057799010334,-73.98562431335449,41,1,2016-01-22
3167,Amsterdam Ave & W 73 St,40.77966809007312,-73.98093044757842,55,10,2016-01-22
3168,Central Park West & W 85 St,40.78472675,-73.96961715,31,5,2016-01-22
3169,Riverside Dr & W 82 St,40.78720869,-73.98128127,59,2,2016-01-22
3170,W 84 St & Columbus Ave,40.78499979,-73.97283406,35,4,2016-01-22
3171,Amsterdam Ave & W 82 St,40.78524672,-73.97667321,39,2,2016-01-22
3172,W 74 St & Columbus Ave,40.7785669,-73.97754961,27,2,2016-01-22
3173,Riverside Blvd & W 67 St,40.777507027547976,-73.98888587951659,63,4,2016-01-22
3175,W 70 St & Amsterdam Ave,40.77748046,-73.98288594,31,1,2016-01-22
3176,W 64 St & West End Ave,40.77452835,-73.98753759,43,4,2016-01-22
3177,W 84 St & Broadway,40.7867947,-73.977112,63,9,2016-01-22
3178,Riverside Dr & W 78 St,40.78414472,-73.98362492,59,0,2016-01-22
3179,Park Ave & Marcus Garvey Blvd,40.698617,-73.941342,23,6,2016-01-22
3180,Brooklyn Bridge Park - Pier 2,40.69878,-73.99712,31,2,2016-01-22
3183,Exchange Place,40.7162469,-74.0334588,30,16,2016-01-22
3184,Paulus Hook,40.7141454,-74.0335519,14,6,2016-01-22
3185,City Hall,40.7177325,-74.043845,22,11,2016-01-22
3186,Grove St PATH,40.7192789,-74.0424515,22,17,2016-01-22
3187,Warren St,40.7211236,-74.03805095,22,10,2016-01-22
3188,NJCU,40.7101087,-74.0858489,18,0,2016-01-22
3189,West Side Light Rail,40.714402,-74.0887723,14,4,2016-01-22
3190,Garfield Ave Light Rail,40.7108044,-74.0714882,18,0,2016-01-22
3191,Union St,40.7182113,-74.0836394,18,7,2016-01-22
3192,Liberty Light Rail,40.7112423,-74.0557013,22,6,2016-01-22
3193,Lincoln Park,40.7244188,-74.0780383,18,0,2016-01-22
3194,McGinley Square,40.7256033,-74.06763,14,3,2016-01-22
3195,Sip Ave,40.7309459,-74.0638906,34,27,2016-01-22
3196,Riverview Park,40.7443187,-74.0439909,18,3,2016-01-22
3197,North St,40.752559,-74.044725,18,8,2016-01-22
3198,Heights Elevator,40.7485362,-74.0403131,18,0,2016-01-22
3199,Newport Pkwy,40.7287448,-74.0321082,14,6,2016-01-22
3200,MLK Light Rail,40.7111305,-74.0788855,18,8,2016-01-22
3201,Dey St,40.737711,-74.066921,18,0,2016-01-22
3202,Newport PATH,40.7272235,-74.0337589,18,13,2016-01-22
3203,Hamilton Park,40.727595966,-74.044247311,25,11,2016-01-22
3205,JC Medical Center,40.7165271,-74.049425,22,7,2016-01-22
3206,Hilltop,40.7311689,-74.0575736,26,4,2016-01-22
3207,Oakland Ave,40.7376037,-74.0524783,14,2,2016-01-22
3209,Brunswick St,40.7241765,-74.0506564,18,1,2016-01-22
3210,Pershing Field,40.742677141,-74.051788633,18,9,2016-01-22
3211,Newark Ave,40.72152515,-74.046304543,21,8,2016-01-22
3212,Christ Hospital,40.734785818,-74.050443636,22,5,2016-01-22
3213,Van Vorst Park,40.71848892,-74.047726625,22,11,2016-01-22
3214,Essex Light Rail,40.7127742,-74.0364857,22,0,2016-01-22
3215,Central Ave,40.7467299,-74.0492509,18,3,2016-01-22
3216,Columbia Park,40.6970299,-74.0969366,18,7,2016-01-22
3217,Bayside Park,40.698650544,-74.082079678,18,6,2016-01-22
3220,5 Corners Library,40.734961020009514,-74.0595030784607,18,6,2016-01-22
3221,47 Ave & 31 St,40.743,-73.93561,27,15,2016-01-22
3222,Hanson Pl & St Felix St,40.685159599891776,-73.97711366415024,39,18,2016-01-22
3223,E 55 St & 3 Ave,40.758996559605116,-73.96865397691727,55,5,2016-01-22
3224,W 13 St & Hudson St,40.73997354103409,-74.00513872504234,39,10,2016-01-22
3225,Baldwin at Montgomery,40.7236589,-74.0641943,14,4,2016-01-22
3226,W 82 St & Central Park West,40.78275,-73.97137,45,0,2016-01-22
3229,Marcy Ave & MacDonough St,40.68061768455451,-73.94624948501587,19,0,2016-01-22
3230,Penn Station Valet,40.751283596962296,-73.99692445993422,7,0,2016-01-22
3231,E 67 St & Park Ave,40.76780080148132,-73.96592080593109,59,11,2016-01-22
3232,Bond St & Fulton St,40.68962188790333,-73.98304268717766,31,11,2016-01-22
3233,E 48 St & 5 Ave,40.75724567911726,-73.97805914282799,39,22,2016-01-22
3235,E 41 St & Madison Ave,40.752165280621966,-73.97992193698882,31,4,2016-01-22
3236,PABT Valet,40.75898481399634,-73.99379968643188,9,2,2016-01-22
3237,21 St & 41 Ave,40.75383343437622,-73.94267678260802,25,8,2016-01-22
3238,E 80 St & 2 Ave,40.77391390238118,-73.9543953537941,37,2,2016-01-22
3241,Monroe St & Tompkins Ave,40.686203,-73.944694,19,1,2016-01-22
3242,Schermerhorn St & Court St,40.69102925677968,-73.99183362722397,39,34,2016-01-22
3243,E 58 St & 1 Ave,40.75892386377695,-73.96226227283478,29,1,2016-01-22
3244,University Pl & E 8 St,40.73143724085228,-73.99490341544151,31,4,2016-01-22
